batch ID	stage-G4KkV88J6XG340022vxq916x.tumor_bai	stage-G4KkV88J6XG340022vxq916x.tumor_bam	stage-G4KkV88J6XG340022vxq916x.tumor_bai ID	stage-G4KkV88J6XG340022vxq916x.tumor_bam ID
5838528	5838528_23153_0_0.cram.crai	5838528_23153_0_0.cram	project-G3Yj1vjJ6XG579jbKyjXPGGY:file-Fybyyg0JxyV57v96P5VP7PPf	project-G3Yj1vjJ6XG579jbKyjXPGGY:file-FybyygQJxyVBzx9v3k28P961
5838556	5838556_23153_0_0.cram.crai	5838556_23153_0_0.cram	project-G3Yj1vjJ6XG579jbKyjXPGGY:file-Fybz1PjJ2bqqX08fG45vKP8X	project-G3Yj1vjJ6XG579jbKyjXPGGY:file-Fybz1Q0J2bqpff0VBBxFY1bQ
5838599	5838599_23153_0_0.cram.crai	5838599_23153_0_0.cram	project-G3Yj1vjJ6XG579jbKyjXPGGY:file-FybyK5QJ7qGXQf4v3jQjkgbv	project-G3Yj1vjJ6XG579jbKyjXPGGY:file-FybyK60J7qGk65763jfjyyYP
5838604	5838604_23153_0_0.cram.crai	5838604_23153_0_0.cram	project-G3Yj1vjJ6XG579jbKyjXPGGY:file-Fyby3xQJxjvvJ1Bv3jzp0Ggj	project-G3Yj1vjJ6XG579jbKyjXPGGY:file-Fyby3XjJxjvk65763jfjyvQ8
5838616	5838616_23153_0_0.cram.crai	5838616_23153_0_0.cram	project-G3Yj1vjJ6XG579jbKyjXPGGY:file-FyfGXYjJ37q0zQ6f737bZkx9	project-G3Yj1vjJ6XG579jbKyjXPGGY:file-FyfGXYjJ37qGJq5Q09qp9Q19
5838631	5838631_23153_0_0.cram.crai	5838631_23153_0_0.cram	project-G3Yj1vjJ6XG579jbKyjXPGGY:file-FybvgG8JVyzkXYqQ3jxxK3X3	project-G3Yj1vjJ6XG579jbKyjXPGGY:file-FybvgG8JVyzk58zV3kz19PP2
5838650	5838650_23153_0_0.cram.crai	5838650_23153_0_0.cram	project-G3Yj1vjJ6XG579jbKyjXPGGY:file-FybyPF0J01FKYGJZ3jyQB2x8	project-G3Yj1vjJ6XG579jbKyjXPGGY:file-FybyPV0J01FPgyZ03jF798y8
5838682	5838682_23153_0_0.cram.crai	5838682_23153_0_0.cram	project-G3Yj1vjJ6XG579jbKyjXPGGY:file-Fyf3z88JjvYqJqj13pX3v4GZ	project-G3Yj1vjJ6XG579jbKyjXPGGY:file-Fyf3z8QJjvYyxx324vBY1jj5
5838698	5838698_23153_0_0.cram.crai	5838698_23153_0_0.cram	project-G3Yj1vjJ6XG579jbKyjXPGGY:file-Fybx840J2p4Kxx324vBY0g32	project-G3Yj1vjJ6XG579jbKyjXPGGY:file-Fybx84QJ2p47J5pq6gy76zvp
5838712	5838712_23153_0_0.cram.crai	5838712_23153_0_0.cram	project-G3Yj1vjJ6XG579jbKyjXPGGY:file-FybxPJQJ7QY84gBb3kQYGV4F	project-G3Yj1vjJ6XG579jbKyjXPGGY:file-FybxPKjJ7QY5xXGv3jPxx041
5838785	5838785_23153_0_0.cram.crai	5838785_23153_0_0.cram	project-G3Yj1vjJ6XG579jbKyjXPGGY:file-Fybxy5QJkB6P6V3k3kzV0pvj	project-G3Yj1vjJ6XG579jbKyjXPGGY:file-Fybxy68JkB69b4843jZpX32J
5838794	5838794_23153_0_0.cram.crai	5838794_23153_0_0.cram	project-G3Yj1vjJ6XG579jbKyjXPGGY:file-FybyxY8JkXfpPb85K6yGzzJj	project-G3Yj1vjJ6XG579jbKyjXPGGY:file-Fybyxb0JkXfj8X51FVq6Qk13
5838866	5838866_23153_0_0.cram.crai	5838866_23153_0_0.cram	project-G3Yj1vjJ6XG579jbKyjXPGGY:file-Fyf1k7QJ79z57v96P5VP7jXb	project-G3Yj1vjJ6XG579jbKyjXPGGY:file-Fyf1k7jJ79z84gBb3kQYJ7Zz
5838879	5838879_23153_0_0.cram.crai	5838879_23153_0_0.cram	project-G3Yj1vjJ6XG579jbKyjXPGGY:file-FybyxY8JjBGzgyZ03jF79GBj	project-G3Yj1vjJ6XG579jbKyjXPGGY:file-FybyxbjJjBGb7v96P5VP7KyX
5838884	5838884_23153_0_0.cram.crai	5838884_23153_0_0.cram	project-G3Yj1vjJ6XG579jbKyjXPGGY:file-Fyf5xJjJF1Yk3V1V3jZGGJ3G	project-G3Yj1vjJ6XG579jbKyjXPGGY:file-Fyf5xJjJF1Yj3pf33jvJxGpp
5838892	5838892_23153_0_0.cram.crai	5838892_23153_0_0.cram	project-G3Yj1vjJ6XG579jbKyjXPGGY:file-FybyyZQJBKbXKg6V3jYvv21V	project-G3Yj1vjJ6XG579jbKyjXPGGY:file-FybyyZQJBKbY6fz03jJVfX8P
5838900	5838900_23153_0_0.cram.crai	5838900_23153_0_0.cram	project-G3Yj1vjJ6XG579jbKyjXPGGY:file-FybyqkjJgYkGfQGY3jj1fbFK	project-G3Yj1vjJ6XG579jbKyjXPGGY:file-Fybyqz8JgYk0F8xJ3kB94Kvz
5838913	5838913_23153_0_0.cram.crai	5838913_23153_0_0.cram	project-G3Yj1vjJ6XG579jbKyjXPGGY:file-FybygqjJkqQqPjGp3jKQy3zF	project-G3Yj1vjJ6XG579jbKyjXPGGY:file-FybygvQJkqQQZfJQ3kvV7pv9
5839019	5839019_23153_0_0.cram.crai	5839019_23153_0_0.cram	project-G3Yj1vjJ6XG579jbKyjXPGGY:file-Fybz5VjJZxb57v96P5VP7V4Y	project-G3Yj1vjJ6XG579jbKyjXPGGY:file-Fybz5Y0JZxb84gBb3kQYGxBx
5839026	5839026_23153_0_0.cram.crai	5839026_23153_0_0.cram	project-G3Yj1vjJ6XG579jbKyjXPGGY:file-Fyf48F8JFx0Q05Q332gPZy5k	project-G3Yj1vjJ6XG579jbKyjXPGGY:file-Fyf48F8JFx0XQf4v3jQjpJ5p
5839034	5839034_23153_0_0.cram.crai	5839034_23153_0_0.cram	project-G3Yj1vjJ6XG579jbKyjXPGGY:file-FybxYxQJx44KYGJZ3jyQ9vzK	project-G3Yj1vjJ6XG579jbKyjXPGGY:file-FybxYjQJx44G4jfV3jbZZ4BF
5839055	5839055_23153_0_0.cram.crai	5839055_23153_0_0.cram	project-G3Yj1vjJ6XG579jbKyjXPGGY:file-Fyby980J8kv6X5613kgxGGk2	project-G3Yj1vjJ6XG579jbKyjXPGGY:file-Fyby98QJ8kvBzx9v3k28P4gy
5839060	5839060_23153_0_0.cram.crai	5839060_23153_0_0.cram	project-G3Yj1vjJ6XG579jbKyjXPGGY:file-Fyby8j0JBY6YfQVX3jFk0F67	project-G3Yj1vjJ6XG579jbKyjXPGGY:file-Fyby8j8JBY6QzQ6f737bXXBb
5839116	5839116_23153_0_0.cram.crai	5839116_23153_0_0.cram	project-G3Yj1vjJ6XG579jbKyjXPGGY:file-Fyby208JK0ZYfQVX3jFk09v6	project-G3Yj1vjJ6XG579jbKyjXPGGY:file-Fyby210JK0ZvfQGY3jj1fPg7
5839129	5839129_23153_0_0.cram.crai	5839129_23153_0_0.cram	project-G3Yj1vjJ6XG579jbKyjXPGGY:file-Fybz480Jv2VY6fz03jJVfYJP	project-G3Yj1vjJ6XG579jbKyjXPGGY:file-Fybz43jJv2VQF8xJ3kB94XX5
5839131	5839131_23153_0_0.cram.crai	5839131_23153_0_0.cram	project-G3Yj1vjJ6XG579jbKyjXPGGY:file-Fybx1XjJGkxb7v96P5VP73JQ	project-G3Yj1vjJ6XG579jbKyjXPGGY:file-Fybx1XjJGkxfX5613kgxG51P
5839150	5839150_23153_0_0.cram.crai	5839150_23153_0_0.cram	project-G3Yj1vjJ6XG579jbKyjXPGGY:file-FybxQ6jJZYj64Zg33jJkfp36	project-G3Yj1vjJ6XG579jbKyjXPGGY:file-FybxQ70JZYjKYGJZ3jyQ9vB3
5839225	5839225_23153_0_0.cram.crai	5839225_23153_0_0.cram	project-G3Yj1vjJ6XG579jbKyjXPGGY:file-Fyf4GpQJKBbP6V3k3kzV24P9	project-G3Yj1vjJ6XG579jbKyjXPGGY:file-Fyf4Gq8JKBbBXXQZ3kp089g3
5839254	5839254_23153_0_0.cram.crai	5839254_23153_0_0.cram	project-G3Yj1vjJ6XG579jbKyjXPGGY:file-FybyYyQJg48yYGJZ3jyQB40V	project-G3Yj1vjJ6XG579jbKyjXPGGY:file-FybyYzjJg48fbJq23kb8zzzJ
5839269	5839269_23153_0_0.cram.crai	5839269_23153_0_0.cram	project-G3Yj1vjJ6XG579jbKyjXPGGY:file-FybyGZjJpF0965763jfjyy9y	project-G3Yj1vjJ6XG579jbKyjXPGGY:file-FybyGb8JpF0FJqj13pX3qKPF
5839305	5839305_23153_0_0.cram.crai	5839305_23153_0_0.cram	project-G3Yj1vjJ6XG579jbKyjXPGGY:file-Fyf1gq8JQkFxJ1YV3jzqZY4V	project-G3Yj1vjJ6XG579jbKyjXPGGY:file-Fyf1gqjJQkFfbJq23kb90KYZ
5839337	5839337_23153_0_0.cram.crai	5839337_23153_0_0.cram	project-G3Yj1vjJ6XG579jbKyjXPGGY:file-FybxKf0Jq8QK7Jp68g0XVvkX	project-G3Yj1vjJ6XG579jbKyjXPGGY:file-FybxKv8Jq8Q3y25J9XJb59b0
5839351	5839351_23153_0_0.cram.crai	5839351_23153_0_0.cram	project-G3Yj1vjJ6XG579jbKyjXPGGY:file-Fybygq8JqXkz6V3k3kzV10b4	project-G3Yj1vjJ6XG579jbKyjXPGGY:file-FybygqQJqXkXKg6V3jYvv0Q6
5839366	5839366_23153_0_0.cram.crai	5839366_23153_0_0.cram	project-G3Yj1vjJ6XG579jbKyjXPGGY:file-Fybx7f8JfJBQZfJQ3kvV7V6G	project-G3Yj1vjJ6XG579jbKyjXPGGY:file-Fybx7f8JfJBkXYqQ3jxxK5x5
5839427	5839427_23153_0_0.cram.crai	5839427_23153_0_0.cram	project-G3Yj1vjJ6XG579jbKyjXPGGY:file-FybxGK0J2vgqJqj13pX3q735	project-G3Yj1vjJ6XG579jbKyjXPGGY:file-FybxGKjJ2vgj8X51FVq6QK9j
5839471	5839471_23153_0_0.cram.crai	5839471_23153_0_0.cram	project-G3Yj1vjJ6XG579jbKyjXPGGY:file-Fybxk6QJB60zgyZ03jF793q6	project-G3Yj1vjJ6XG579jbKyjXPGGY:file-Fybxk80JB60b7v96P5VP77JG
5839549	5839549_23153_0_0.cram.crai	5839549_23153_0_0.cram	project-G3Yj1vjJ6XG579jbKyjXPGGY:file-Fyf42XjJ7Gj005Q332gPZvxj	project-G3Yj1vjJ6XG579jbKyjXPGGY:file-Fyf42Y8J7Gj2Kg6V3jYvvkgv
5839557	5839557_23153_0_0.cram.crai	5839557_23153_0_0.cram	project-G3Yj1vjJ6XG579jbKyjXPGGY:file-FybyPpjJz5JXKg6V3jYvqykY	project-G3Yj1vjJ6XG579jbKyjXPGGY:file-FybyPG0Jz5Jygz4q3jyq4X95
5839568	5839568_23153_0_0.cram.crai	5839568_23153_0_0.cram	project-G3Yj1vjJ6XG579jbKyjXPGGY:file-FygQq98JKJZxQqfk3jJYpkf0	project-G3Yj1vjJ6XG579jbKyjXPGGY:file-FygQqB0JKJZfz4QFJGyz43vf
5839609	5839609_23153_0_0.cram.crai	5839609_23153_0_0.cram	project-G3Yj1vjJ6XG579jbKyjXPGGY:file-Fyby930JBY6X86YP7ZVP4f7Q	project-G3Yj1vjJ6XG579jbKyjXPGGY:file-Fyby938JBY6Vv92p3jFzgQ11
5839652	5839652_23153_0_0.cram.crai	5839652_23153_0_0.cram	project-G3Yj1vjJ6XG579jbKyjXPGGY:file-Fybz3Y0J6Q565Yx53k17FJB2	project-G3Yj1vjJ6XG579jbKyjXPGGY:file-Fybz3kjJ6Q50ZfJQ3kvV7xvb
5839680	5839680_23153_0_0.cram.crai	5839680_23153_0_0.cram	project-G3Yj1vjJ6XG579jbKyjXPGGY:file-Fybx1pjJ6kZvfQGY3jj1f9jv	project-G3Yj1vjJ6XG579jbKyjXPGGY:file-Fybx1q8J6kZQzQ6f737bXF14
5839710	5839710_23153_0_0.cram.crai	5839710_23153_0_0.cram	project-G3Yj1vjJ6XG579jbKyjXPGGY:file-Fybyg8jJyKKpXXQZ3kp07KkP	project-G3Yj1vjJ6XG579jbKyjXPGGY:file-Fybyg98JyKKQyB833kVX9kyb
5839728	5839728_23153_0_0.cram.crai	5839728_23153_0_0.cram	project-G3Yj1vjJ6XG579jbKyjXPGGY:file-Fyby8jQJ6Q5Kgz4q3jyq4V40	project-G3Yj1vjJ6XG579jbKyjXPGGY:file-Fyby8kjJ6Q583pf33jvJvFQG
5839735	5839735_23153_0_0.cram.crai	5839735_23153_0_0.cram	project-G3Yj1vjJ6XG579jbKyjXPGGY:file-FybvgyjJ4735VfK43k0bBkZ5	project-G3Yj1vjJ6XG579jbKyjXPGGY:file-Fybvj08J4735VfK43k0bBkZP
5839744	5839744_23153_0_0.cram.crai	5839744_23153_0_0.cram	project-G3Yj1vjJ6XG579jbKyjXPGGY:file-Fyf43JjJvkyQzQ6f737bYB0Q	project-G3Yj1vjJ6XG579jbKyjXPGGY:file-Fyf43K0JvkyQzQ6f737bYB0Y
5839783	5839783_23153_0_0.cram.crai	5839783_23153_0_0.cram	project-G3Yj1vjJ6XG579jbKyjXPGGY:file-FyfJ32QJbGQByB9v3jV3F1VJ	project-G3Yj1vjJ6XG579jbKyjXPGGY:file-FyfJ330JbGQJ1vFb3k48kv8k
5839803	5839803_23153_0_0.cram.crai	5839803_23153_0_0.cram	project-G3Yj1vjJ6XG579jbKyjXPGGY:file-Fybvv70JxyV9b4843jZpVvfb	project-G3Yj1vjJ6XG579jbKyjXPGGY:file-Fybvv8QJxyVPgyZ03jF78yq5
5839811	5839811_23153_0_0.cram.crai	5839811_23153_0_0.cram	project-G3Yj1vjJ6XG579jbKyjXPGGY:file-FybyyfQJxQ0qPjGp3jKQy5QB	project-G3Yj1vjJ6XG579jbKyjXPGGY:file-FybyyfQJxQ0j4gBb3kQYGqgk
5839858	5839858_23153_0_0.cram.crai	5839858_23153_0_0.cram	project-G3Yj1vjJ6XG579jbKyjXPGGY:file-FybyPXjJZB9f5Yx53k17F8zX	project-G3Yj1vjJ6XG579jbKyjXPGGY:file-FybyPY8JZB9XQf4v3jQjkgqp
5839867	5839867_23153_0_0.cram.crai	5839867_23153_0_0.cram	project-G3Yj1vjJ6XG579jbKyjXPGGY:file-FybxgvQJ7gVx1vFb3k48gK0G	project-G3Yj1vjJ6XG579jbKyjXPGGY:file-Fybxgx0J7gVf5Yx53k17F43Z
5839890	5839890_23153_0_0.cram.crai	5839890_23153_0_0.cram	project-G3Yj1vjJ6XG579jbKyjXPGGY:file-Fybxq20J2992Qf4v3jQjkYpq	project-G3Yj1vjJ6XG579jbKyjXPGGY:file-Fybxq2jJ29984gBb3kQYGYyf
5839915	5839915_23153_0_0.cram.crai	5839915_23153_0_0.cram	project-G3Yj1vjJ6XG579jbKyjXPGGY:file-Fybz8fQJ06zBzx9v3k28PJ81	project-G3Yj1vjJ6XG579jbKyjXPGGY:file-Fybz8fQJ06z3y9vZ3kP6k4B2
5839923	5839923_23153_0_0.cram.crai	5839923_23153_0_0.cram	project-G3Yj1vjJ6XG579jbKyjXPGGY:file-FybxzgQJ8yf0yB833kVX9b5B	project-G3Yj1vjJ6XG579jbKyjXPGGY:file-Fyby0Q0J8yfGXqY33k9G3X4F
5839930	5839930_23153_0_0.cram.crai	5839930_23153_0_0.cram	project-G3Yj1vjJ6XG579jbKyjXPGGY:file-Fybxz1jJgYk9XYqQ3jxxKF9k	project-G3Yj1vjJ6XG579jbKyjXPGGY:file-FybxzK0JgYkG4jfV3jbZZ78j
5839941	5839941_23153_0_0.cram.crai	5839941_23153_0_0.cram	project-G3Yj1vjJ6XG579jbKyjXPGGY:file-Fybz7x8JvyFbVfK43k0bFFGJ	project-G3Yj1vjJ6XG579jbKyjXPGGY:file-Fybz7xQJvyFbVfK43k0bFFGQ
5839959	5839959_23153_0_0.cram.crai	5839959_23153_0_0.cram	project-G3Yj1vjJ6XG579jbKyjXPGGY:file-Fybx8G0JVyzb7v96P5VP74F2	project-G3Yj1vjJ6XG579jbKyjXPGGY:file-Fybx8G0JVyzx9g6y3jJvf7XP
5839977	5839977_23153_0_0.cram.crai	5839977_23153_0_0.cram	project-G3Yj1vjJ6XG579jbKyjXPGGY:file-Fyf4PpQJvkyXQf4v3jQjpP4P	project-G3Yj1vjJ6XG579jbKyjXPGGY:file-Fyf4Pq8JvkyvXqY33k9G4KGk
5840012	5840012_23153_0_0.cram.crai	5840012_23153_0_0.cram	project-G3Yj1vjJ6XG579jbKyjXPGGY:file-FybyfpjJ2X983pf33jvJvKYk	project-G3Yj1vjJ6XG579jbKyjXPGGY:file-FybyfqQJ2X9BXXQZ3kp07KZy
5840057	5840057_23153_0_0.cram.crai	5840057_23153_0_0.cram	project-G3Yj1vjJ6XG579jbKyjXPGGY:file-FybxXz8J68GJQqfk3jJYVPQK	project-G3Yj1vjJ6XG579jbKyjXPGGY:file-FybxXzjJ68GJ9g6y3jJvf9Jz
5840070	5840070_23153_0_0.cram.crai	5840070_23153_0_0.cram	project-G3Yj1vjJ6XG579jbKyjXPGGY:file-FybxQ1jJ8xV965763jfjyjVb	project-G3Yj1vjJ6XG579jbKyjXPGGY:file-FybxQ28J8xV93V1V3jZGByJy
5840085	5840085_23153_0_0.cram.crai	5840085_23153_0_0.cram	project-G3Yj1vjJ6XG579jbKyjXPGGY:file-Fybz0V8JxV6bVfK43k0bFB72	project-G3Yj1vjJ6XG579jbKyjXPGGY:file-Fybz0X8JxV6v9ky93jF7YQv3
5840111	5840111_23153_0_0.cram.crai	5840111_23153_0_0.cram	project-G3Yj1vjJ6XG579jbKyjXPGGY:file-FybyGJQJ3xk9b4843jZpX5qX	project-G3Yj1vjJ6XG579jbKyjXPGGY:file-FybyGJjJ3xk83pf33jvJvG9G
5840145	5840145_23153_0_0.cram.crai	5840145_23153_0_0.cram	project-G3Yj1vjJ6XG579jbKyjXPGGY:file-FybvZFQJQX0gqjfP3kgKPBy7	project-G3Yj1vjJ6XG579jbKyjXPGGY:file-FybvZFjJQX0ygz4q3jyq47VK
5840174	5840174_23153_0_0.cram.crai	5840174_23153_0_0.cram	project-G3Yj1vjJ6XG579jbKyjXPGGY:file-Fyby4BjJ5XG93V1V3jZGF2f7	project-G3Yj1vjJ6XG579jbKyjXPGGY:file-Fyby46QJ5XG3fQVX3jFk0B8Q
5840189	5840189_23153_0_0.cram.crai	5840189_23153_0_0.cram	project-G3Yj1vjJ6XG579jbKyjXPGGY:file-FybypvQJ5ZGQZfJQ3kvV7qQk	project-G3Yj1vjJ6XG579jbKyjXPGGY:file-FybypvjJ5ZGkPxkG3k8v6JJv
5840190	5840190_23153_0_0.cram.crai	5840190_23153_0_0.cram	project-G3Yj1vjJ6XG579jbKyjXPGGY:file-FybyPbjJ2P98zFQF3jG6zX4K	project-G3Yj1vjJ6XG579jbKyjXPGGY:file-FybyPKjJ2P9FJqj13pX3qKzf
5840214	5840214_23153_0_0.cram.crai	5840214_23153_0_0.cram	project-G3Yj1vjJ6XG579jbKyjXPGGY:file-Fybz2xQJKgVqPjGp3jKQy6Gg	project-G3Yj1vjJ6XG579jbKyjXPGGY:file-Fybz2y0JKgVy7Jp68g0XXK3p
5840240	5840240_23153_0_0.cram.crai	5840240_23153_0_0.cram	project-G3Yj1vjJ6XG579jbKyjXPGGY:file-FybyYP8J2vgz6V3k3kzV0zBJ	project-G3Yj1vjJ6XG579jbKyjXPGGY:file-FybyYQ8J2vgb7v96P5VP7Gv8
5840253	5840253_23153_0_0.cram.crai	5840253_23153_0_0.cram	project-G3Yj1vjJ6XG579jbKyjXPGGY:file-Fybyp48J6v5p2P0F3P9JVxFB	project-G3Yj1vjJ6XG579jbKyjXPGGY:file-Fybyp6QJ6v5zgyZ03jF79FV2
5840262	5840262_23153_0_0.cram.crai	5840262_23153_0_0.cram	project-G3Yj1vjJ6XG579jbKyjXPGGY:file-Fybz2y8J2P95VfK43k0bFBYq	project-G3Yj1vjJ6XG579jbKyjXPGGY:file-Fybz2yQJ2P9GfQGY3jj1fpxY
5840271	5840271_23153_0_0.cram.crai	5840271_23153_0_0.cram	project-G3Yj1vjJ6XG579jbKyjXPGGY:file-Fyby4y0J14JPzFk0PvKKKJGb	project-G3Yj1vjJ6XG579jbKyjXPGGY:file-Fyby4y8J14JKgz4q3jyq4QF3
5840286	5840286_23153_0_0.cram.crai	5840286_23153_0_0.cram	project-G3Yj1vjJ6XG579jbKyjXPGGY:file-FybyGfQJkB69g7P43kGQXQ3q	project-G3Yj1vjJ6XG579jbKyjXPGGY:file-FybyGg0JkB665Yx53k17F8QK
5840328	5840328_23153_0_0.cram.crai	5840328_23153_0_0.cram	project-G3Yj1vjJ6XG579jbKyjXPGGY:file-FybvxBQJ1JfxJ1YV3jzqYjBY	project-G3Yj1vjJ6XG579jbKyjXPGGY:file-FybvxBjJ1JfVv92p3jFzg7V3
5840335	5840335_23153_0_0.cram.crai	5840335_23153_0_0.cram	project-G3Yj1vjJ6XG579jbKyjXPGGY:file-FybyPV8Jq9XFPjGp3jKQy268	project-G3Yj1vjJ6XG579jbKyjXPGGY:file-FybyP9jJq9X9b4843jZpX6Fq
5840344	5840344_23153_0_0.cram.crai	5840344_23153_0_0.cram	project-G3Yj1vjJ6XG579jbKyjXPGGY:file-FybxF9QJ473JQqfk3jJYVK3z	project-G3Yj1vjJ6XG579jbKyjXPGGY:file-FybxFZQJ47364Zg33jJkfk73
5840361	5840361_23153_0_0.cram.crai	5840361_23153_0_0.cram	project-G3Yj1vjJ6XG579jbKyjXPGGY:file-Fybx878Jj9zp2P0F3P9JVYF1	project-G3Yj1vjJ6XG579jbKyjXPGGY:file-Fybx878Jj9zp2P0F3P9JVYF3
5840372	5840372_23153_0_0.cram.crai	5840372_23153_0_0.cram	project-G3Yj1vjJ6XG579jbKyjXPGGY:file-Fyby3qjJgYk5j06Y3jy23Xpv	project-G3Yj1vjJ6XG579jbKyjXPGGY:file-Fyby410JgYkGJ1Bv3jzp0Gj9
5840400	5840400_23153_0_0.cram.crai	5840400_23153_0_0.cram	project-G3Yj1vjJ6XG579jbKyjXPGGY:file-FybxqYjJxV6ygz4q3jyq4KKq	project-G3Yj1vjJ6XG579jbKyjXPGGY:file-FybxqJjJxV6QF8xJ3kB948G0
5840413	5840413_23153_0_0.cram.crai	5840413_23153_0_0.cram	project-G3Yj1vjJ6XG579jbKyjXPGGY:file-Fyf1y1jJPbFBff0VBBxFYGf8	project-G3Yj1vjJ6XG579jbKyjXPGGY:file-Fyf1y2jJPbF64Zg33jJkgFk5
5840432	5840432_23153_0_0.cram.crai	5840432_23153_0_0.cram	project-G3Yj1vjJ6XG579jbKyjXPGGY:file-FybyGvQJFYfQ5xP83jXBJj7X	project-G3Yj1vjJ6XG579jbKyjXPGGY:file-FybyGvjJFYfQF8xJ3kB94Fk8
5840454	5840454_23153_0_0.cram.crai	5840454_23153_0_0.cram	project-G3Yj1vjJ6XG579jbKyjXPGGY:file-FybxbYQJQ4bJQqfk3jJYVQ16	project-G3Yj1vjJ6XG579jbKyjXPGGY:file-Fybxbk8JQ4b8qy9P3j9QQ5ZG
5840476	5840476_23153_0_0.cram.crai	5840476_23153_0_0.cram	project-G3Yj1vjJ6XG579jbKyjXPGGY:file-Fybx518JY52pyB9v3jV38Fzk	project-G3Yj1vjJ6XG579jbKyjXPGGY:file-Fybx520JY52b7v96P5VP73xb
5840481	5840481_23153_0_0.cram.crai	5840481_23153_0_0.cram	project-G3Yj1vjJ6XG579jbKyjXPGGY:file-Fybvq2QJgXZx1vFb3k48g8B3	project-G3Yj1vjJ6XG579jbKyjXPGGY:file-Fybvq50JgXZgqjfP3kgKPFyb
5840519	5840519_23153_0_0.cram.crai	5840519_23153_0_0.cram	project-G3Yj1vjJ6XG579jbKyjXPGGY:file-FyfJ5x8JbGQ9g7P43kGQZk2f	project-G3Yj1vjJ6XG579jbKyjXPGGY:file-FyfJ5xQJbGQK32Fv3jjxq8yp
5840587	5840587_23153_0_0.cram.crai	5840587_23153_0_0.cram	project-G3Yj1vjJ6XG579jbKyjXPGGY:file-Fybz6GjJv2VVJx4y3kq3y8QK	project-G3Yj1vjJ6XG579jbKyjXPGGY:file-Fybz6JjJv2Vj4gBb3kQYGxKj
5840593	5840593_23153_0_0.cram.crai	5840593_23153_0_0.cram	project-G3Yj1vjJ6XG579jbKyjXPGGY:file-Fybvfk8JfJBVv92p3jFzg6bJ	project-G3Yj1vjJ6XG579jbKyjXPGGY:file-Fybvfk8JfJBXQf4v3jQjkJBY
5840602	5840602_23153_0_0.cram.crai	5840602_23153_0_0.cram	project-G3Yj1vjJ6XG579jbKyjXPGGY:file-FybxfV0JbFyz6V3k3kzV0jy8	project-G3Yj1vjJ6XG579jbKyjXPGGY:file-FybxfX8JbFypZkpz3kYVJzvZ
5840615	5840615_23153_0_0.cram.crai	5840615_23153_0_0.cram	project-G3Yj1vjJ6XG579jbKyjXPGGY:file-Fyf40q0JGVB0F8xJ3kB951fj	project-G3Yj1vjJ6XG579jbKyjXPGGY:file-Fyf40qQJGVBB2P0F3P9JXqx5
5840623	5840623_23153_0_0.cram.crai	5840623_23153_0_0.cram	project-G3Yj1vjJ6XG579jbKyjXPGGY:file-Fybx0k8JfJBjqy9P3j9QQ23J	project-G3Yj1vjJ6XG579jbKyjXPGGY:file-Fybx0pjJfJBVv92p3jFzg80b
5840630	5840630_23153_0_0.cram.crai	5840630_23153_0_0.cram	project-G3Yj1vjJ6XG579jbKyjXPGGY:file-FybzkGQJ66193V1V3jZGFP0z	project-G3Yj1vjJ6XG579jbKyjXPGGY:file-FybzkJ8J66105xP83jXBK362
5840677	5840677_23153_0_0.cram.crai	5840677_23153_0_0.cram	project-G3Yj1vjJ6XG579jbKyjXPGGY:file-Fyby5x0J5V03y9vZ3kP6jqQx	project-G3Yj1vjJ6XG579jbKyjXPGGY:file-Fyby5y0J5V0BZkpz3kYVK3Q4
5840720	5840720_23153_0_0.cram.crai	5840720_23153_0_0.cram	project-G3Yj1vjJ6XG579jbKyjXPGGY:file-Fybx59jJPpyFJqj13pX3q61J	project-G3Yj1vjJ6XG579jbKyjXPGGY:file-Fybx5PjJPpy965763jfjyfqP
5840743	5840743_23153_0_0.cram.crai	5840743_23153_0_0.cram	project-G3Yj1vjJ6XG579jbKyjXPGGY:file-FybxQF8JXP9jqy9P3j9QQ4fj	project-G3Yj1vjJ6XG579jbKyjXPGGY:file-FybxV5jJXP9XQf4v3jQjkVZx
5840751	5840751_23153_0_0.cram.crai	5840751_23153_0_0.cram	project-G3Yj1vjJ6XG579jbKyjXPGGY:file-FybyVGQJ2bqXKg6V3jYvqz7y	project-G3Yj1vjJ6XG579jbKyjXPGGY:file-FybyVX8J2bqp2P0F3P9JVqbv
5840766	5840766_23153_0_0.cram.crai	5840766_23153_0_0.cram	project-G3Yj1vjJ6XG579jbKyjXPGGY:file-Fyf4qB8JFx0z6V3k3kzV29gy	project-G3Yj1vjJ6XG579jbKyjXPGGY:file-Fyf4qF0JFx0k3V1V3jZGG7Xk
5840784	5840784_23153_0_0.cram.crai	5840784_23153_0_0.cram	project-G3Yj1vjJ6XG579jbKyjXPGGY:file-FybyZPjJbFyY6fz03jJVfPxV	project-G3Yj1vjJ6XG579jbKyjXPGGY:file-FybyZPjJbFyxQqfk3jJYVj7g
5840792	5840792_23153_0_0.cram.crai	5840792_23153_0_0.cram	project-G3Yj1vjJ6XG579jbKyjXPGGY:file-FybxyP0JxV4G4jfV3jbZZ721	project-G3Yj1vjJ6XG579jbKyjXPGGY:file-FybxyPjJxV4FJqj13pX3qFk5
5840816	5840816_23153_0_0.cram.crai	5840816_23153_0_0.cram	project-G3Yj1vjJ6XG579jbKyjXPGGY:file-Fybyvv8JjQXqX08fG45vKJp5	project-G3Yj1vjJ6XG579jbKyjXPGGY:file-Fybyvz0JjQXbj06Y3jy23gyb
5840850	5840850_23153_0_0.cram.crai	5840850_23153_0_0.cram	project-G3Yj1vjJ6XG579jbKyjXPGGY:file-Fybvf20J05164Zg33jJkfbvK	project-G3Yj1vjJ6XG579jbKyjXPGGY:file-Fybvf28J0519g7P43kGQX5zP
5840865	5840865_23153_0_0.cram.crai	5840865_23153_0_0.cram	project-G3Yj1vjJ6XG579jbKyjXPGGY:file-FybxvJ0J68G9b4843jZpX2fX	project-G3Yj1vjJ6XG579jbKyjXPGGY:file-FybxvJ0J68GK7Jp68g0XVzgv
5840873	5840873_23153_0_0.cram.crai	5840873_23153_0_0.cram	project-G3Yj1vjJ6XG579jbKyjXPGGY:file-Fyf41J8JvkyQF8xJ3kB951pk	project-G3Yj1vjJ6XG579jbKyjXPGGY:file-Fyf41JQJvkyQF8xJ3kB951pq
5840898	5840898_23153_0_0.cram.crai	5840898_23153_0_0.cram	project-G3Yj1vjJ6XG579jbKyjXPGGY:file-FybxJ3jJ2X90F8xJ3kB945Y1	project-G3Yj1vjJ6XG579jbKyjXPGGY:file-FybxJPjJ2X92Kg6V3jYvqgXQ
5840909	5840909_23153_0_0.cram.crai	5840909_23153_0_0.cram	project-G3Yj1vjJ6XG579jbKyjXPGGY:file-Fyf4pVjJbB2J9g6y3jJvgbZP	project-G3Yj1vjJ6XG579jbKyjXPGGY:file-Fyf4pXQJbB284gBb3kQYJqzX
5840917	5840917_23153_0_0.cram.crai	5840917_23153_0_0.cram	project-G3Yj1vjJ6XG579jbKyjXPGGY:file-Fyf1Y28JPbF9b4843jZpXbY6	project-G3Yj1vjJ6XG579jbKyjXPGGY:file-Fyf1Y2QJPbFJJ1YV3jzqZXp2
5840938	5840938_23153_0_0.cram.crai	5840938_23153_0_0.cram	project-G3Yj1vjJ6XG579jbKyjXPGGY:file-FybxKyjJ2kZj3pf33jvJv650	project-G3Yj1vjJ6XG579jbKyjXPGGY:file-FybxP30J2kZxQqfk3jJYVKg5
5840975	5840975_23153_0_0.cram.crai	5840975_23153_0_0.cram	project-G3Yj1vjJ6XG579jbKyjXPGGY:file-FybyXV8JFYfQF8xJ3kB94Gkp	project-G3Yj1vjJ6XG579jbKyjXPGGY:file-FybyY5QJFYfgJ5pq6gy778Y2
5840980	5840980_23153_0_0.cram.crai	5840980_23153_0_0.cram	project-G3Yj1vjJ6XG579jbKyjXPGGY:file-Fyby8gQJxqgkb4843jZpX52G	project-G3Yj1vjJ6XG579jbKyjXPGGY:file-Fyby8j0JxqgbxXGv3jPxx5yG
5840991	5840991_23153_0_0.cram.crai	5840991_23153_0_0.cram	project-G3Yj1vjJ6XG579jbKyjXPGGY:file-Fybxyk0J3xk93V1V3jZGF1j2	project-G3Yj1vjJ6XG579jbKyjXPGGY:file-FybxyZ0J3xk3y9vZ3kP6jp4B
5841005	5841005_23153_0_0.cram.crai	5841005_23153_0_0.cram	project-G3Yj1vjJ6XG579jbKyjXPGGY:file-Fyf4z5QJYyZbVfK43k0bG20B	project-G3Yj1vjJ6XG579jbKyjXPGGY:file-Fyf4z5QJYyZy32Fv3jjxkgKY
5841018	5841018_23153_0_0.cram.crai	5841018_23153_0_0.cram	project-G3Yj1vjJ6XG579jbKyjXPGGY:file-FybvyzjJ2kZvVpbbGj7QXf54	project-G3Yj1vjJ6XG579jbKyjXPGGY:file-Fybvz6jJ2kZQyB833kVX9P0q
5841020	5841020_23153_0_0.cram.crai	5841020_23153_0_0.cram	project-G3Yj1vjJ6XG579jbKyjXPGGY:file-Fyf41ZjJ9Pfy32Fv3jjxkPQ4	project-G3Yj1vjJ6XG579jbKyjXPGGY:file-Fyf41b0J9PfkPxkG3k8v73Xv
5841051	5841051_23153_0_0.cram.crai	5841051_23153_0_0.cram	project-G3Yj1vjJ6XG579jbKyjXPGGY:file-Fybx910JkqQyxx324vBY0gG2	project-G3Yj1vjJ6XG579jbKyjXPGGY:file-Fybx910JkqQQzQ6f737bXG4k
5841066	5841066_23153_0_0.cram.crai	5841066_23153_0_0.cram	project-G3Yj1vjJ6XG579jbKyjXPGGY:file-FybxxFjJjy6XKg6V3jYvqpxb	project-G3Yj1vjJ6XG579jbKyjXPGGY:file-FybxxG8Jjy6pPb85K6yGzjxq
5841107	5841107_23153_0_0.cram.crai	5841107_23153_0_0.cram	project-G3Yj1vjJ6XG579jbKyjXPGGY:file-Fybyq8QJJjX1v92p3jFzgZ1X	project-G3Yj1vjJ6XG579jbKyjXPGGY:file-Fybyq90JJjXFPjGp3jKQy4gq
5841110	5841110_23153_0_0.cram.crai	5841110_23153_0_0.cram	project-G3Yj1vjJ6XG579jbKyjXPGGY:file-FybzF0QJ6b99PxkG3k8v6Zvz	project-G3Yj1vjJ6XG579jbKyjXPGGY:file-FybzF20J6b9JQqfk3jJYVyFz
5841128	5841128_23153_0_0.cram.crai	5841128_23153_0_0.cram	project-G3Yj1vjJ6XG579jbKyjXPGGY:file-FybyJFjJfJBQZfJQ3kvV7jqp	project-G3Yj1vjJ6XG579jbKyjXPGGY:file-FybyJ7jJfJBpXXQZ3kp07GXZ
5841144	5841144_23153_0_0.cram.crai	5841144_23153_0_0.cram	project-G3Yj1vjJ6XG579jbKyjXPGGY:file-Fyf46Y0JZ361v92p3jFzj88x	project-G3Yj1vjJ6XG579jbKyjXPGGY:file-Fyf46Y8JZ362Qf4v3jQjpGjy
5841156	5841156_23153_0_0.cram.crai	5841156_23153_0_0.cram	project-G3Yj1vjJ6XG579jbKyjXPGGY:file-Fybyb5jJQF8Q5xP83jXBJp18	project-G3Yj1vjJ6XG579jbKyjXPGGY:file-Fybyb78JQF8fQX8B3kyz0z75
5841161	5841161_23153_0_0.cram.crai	5841161_23153_0_0.cram	project-G3Yj1vjJ6XG579jbKyjXPGGY:file-Fybyx8QJfz4j3pf33jvJvQ23	project-G3Yj1vjJ6XG579jbKyjXPGGY:file-Fybyxb8Jfz4ygz4q3jyq4b94
5841172	5841172_23153_0_0.cram.crai	5841172_23153_0_0.cram	project-G3Yj1vjJ6XG579jbKyjXPGGY:file-Fyby9Z0JFfkf4Zg33jJkfz88	project-G3Yj1vjJ6XG579jbKyjXPGGY:file-Fyby9g0JFfkjzFQF3jG6zV4P
5841183	5841183_23153_0_0.cram.crai	5841183_23153_0_0.cram	project-G3Yj1vjJ6XG579jbKyjXPGGY:file-FybxzKQJ3xk6QX8B3kyz0pfK	project-G3Yj1vjJ6XG579jbKyjXPGGY:file-Fybxzj8J3xkB2P0F3P9JVj7f
5841199	5841199_23153_0_0.cram.crai	5841199_23153_0_0.cram	project-G3Yj1vjJ6XG579jbKyjXPGGY:file-Fybz7G8JkbQkb4843jZpXP3G	project-G3Yj1vjJ6XG579jbKyjXPGGY:file-Fybz7J8JkbQQjKFZ3jf5QvG8
5841206	5841206_23153_0_0.cram.crai	5841206_23153_0_0.cram	project-G3Yj1vjJ6XG579jbKyjXPGGY:file-Fybx0GQJVb093V1V3jZGBqz3	project-G3Yj1vjJ6XG579jbKyjXPGGY:file-Fybx0JQJVb09b4843jZpVxFK
5841212	5841212_23153_0_0.cram.crai	5841212_23153_0_0.cram	project-G3Yj1vjJ6XG579jbKyjXPGGY:file-FybyQ00JxyVFJqj13pX3qP2g	project-G3Yj1vjJ6XG579jbKyjXPGGY:file-FybyQ0QJxyV84gBb3kQYGj6Q
5841233	5841233_23153_0_0.cram.crai	5841233_23153_0_0.cram	project-G3Yj1vjJ6XG579jbKyjXPGGY:file-Fybvzf0J11Q5j06Y3jy23G13	project-G3Yj1vjJ6XG579jbKyjXPGGY:file-Fybx0FjJ11Q65Yx53k17F00Y
5841270	5841270_23153_0_0.cram.crai	5841270_23153_0_0.cram	project-G3Yj1vjJ6XG579jbKyjXPGGY:file-Fyf0pg8J44xvfQGY3jj1g1PF	project-G3Yj1vjJ6XG579jbKyjXPGGY:file-Fyf0pj0J44xk3V1V3jZGFV9z
5841285	5841285_23153_0_0.cram.crai	5841285_23153_0_0.cram	project-G3Yj1vjJ6XG579jbKyjXPGGY:file-Fyby1XQJp3f65Yx53k17F68b	project-G3Yj1vjJ6XG579jbKyjXPGGY:file-Fyby1Y0Jp3f2Kg6V3jYvqqxj
5841294	5841294_23153_0_0.cram.crai	5841294_23153_0_0.cram	project-G3Yj1vjJ6XG579jbKyjXPGGY:file-FybykY8Jvj493V1V3jZGF75q	project-G3Yj1vjJ6XG579jbKyjXPGGY:file-Fybyk68Jvj40F8xJ3kB94K88
5841301	5841301_23153_0_0.cram.crai	5841301_23153_0_0.cram	project-G3Yj1vjJ6XG579jbKyjXPGGY:file-Fybxxz0JkFFBXXQZ3kp079PP	project-G3Yj1vjJ6XG579jbKyjXPGGY:file-Fybxxz8JkFF6X5613kgxGBPK
5841326	5841326_23153_0_0.cram.crai	5841326_23153_0_0.cram	project-G3Yj1vjJ6XG579jbKyjXPGGY:file-Fyf57X0J5yyvXqY33k9G4Ykf	project-G3Yj1vjJ6XG579jbKyjXPGGY:file-Fyf57X8J5yybVfK43k0bG3g1
5841334	5841334_23153_0_0.cram.crai	5841334_23153_0_0.cram	project-G3Yj1vjJ6XG579jbKyjXPGGY:file-Fybx2JQJzBxYy25J9XJb57qb	project-G3Yj1vjJ6XG579jbKyjXPGGY:file-Fybx24jJzBxy7Jp68g0XVq0Y
5841355	5841355_23153_0_0.cram.crai	5841355_23153_0_0.cram	project-G3Yj1vjJ6XG579jbKyjXPGGY:file-Fybvzy0JFfkQF8xJ3kB943BQ	project-G3Yj1vjJ6XG579jbKyjXPGGY:file-Fybx02jJFfkYfQVX3jFk02vP
5841360	5841360_23153_0_0.cram.crai	5841360_23153_0_0.cram	project-G3Yj1vjJ6XG579jbKyjXPGGY:file-Fybvy30J5ZGp2P0F3P9JVVvQ	project-G3Yj1vjJ6XG579jbKyjXPGGY:file-Fybvy30J5ZGj8X51FVq6QFyK
5841393	5841393_23153_0_0.cram.crai	5841393_23153_0_0.cram	project-G3Yj1vjJ6XG579jbKyjXPGGY:file-FybyyQjJQF8kb4843jZpX9Vy	project-G3Yj1vjJ6XG579jbKyjXPGGY:file-FybyyVjJQF8gJ5pq6gy77F23
5841438	5841438_23153_0_0.cram.crai	5841438_23153_0_0.cram	project-G3Yj1vjJ6XG579jbKyjXPGGY:file-Fyf4V9jJQ3YfbJq23kb913X4	project-G3Yj1vjJ6XG579jbKyjXPGGY:file-Fyf4VB0JQ3Yj3pf33jvJx4yp
5841463	5841463_23153_0_0.cram.crai	5841463_23153_0_0.cram	project-G3Yj1vjJ6XG579jbKyjXPGGY:file-Fyf40PjJ1v3vJ1Bv3jzp139v	project-G3Yj1vjJ6XG579jbKyjXPGGY:file-Fyf40V8J1v3gJ5pq6gy78Fg7
5841475	5841475_23153_0_0.cram.crai	5841475_23153_0_0.cram	project-G3Yj1vjJ6XG579jbKyjXPGGY:file-FybxPZjJZxb84gBb3kQYGV6y	project-G3Yj1vjJ6XG579jbKyjXPGGY:file-FybxPb0JZxbJ1vFb3k48gGB3
5841480	5841480_23153_0_0.cram.crai	5841480_23153_0_0.cram	project-G3Yj1vjJ6XG579jbKyjXPGGY:file-FybvxGQJQX0v9ky93jF7Y2Zg	project-G3Yj1vjJ6XG579jbKyjXPGGY:file-FybvxJQJQX0j4gBb3kQYGKBf
5841525	5841525_23153_0_0.cram.crai	5841525_23153_0_0.cram	project-G3Yj1vjJ6XG579jbKyjXPGGY:file-Fybz608JFqvvXqY33k9G3qz7	project-G3Yj1vjJ6XG579jbKyjXPGGY:file-Fybz608JFqvpzx9v3k28PBk7
5841532	5841532_23153_0_0.cram.crai	5841532_23153_0_0.cram	project-G3Yj1vjJ6XG579jbKyjXPGGY:file-Fyf0qz8JKz9fX5613kgxGqGZ	project-G3Yj1vjJ6XG579jbKyjXPGGY:file-Fyf0qzQJKz9x1vFb3k48gq59
5841597	5841597_23153_0_0.cram.crai	5841597_23153_0_0.cram	project-G3Yj1vjJ6XG579jbKyjXPGGY:file-FybxJy0JjBGy7Jp68g0XVvj0	project-G3Yj1vjJ6XG579jbKyjXPGGY:file-FybxK38JjBGk65763jfjyj6Y
5841614	5841614_23153_0_0.cram.crai	5841614_23153_0_0.cram	project-G3Yj1vjJ6XG579jbKyjXPGGY:file-FybygG0JqXkpPb85K6yGzy1q	project-G3Yj1vjJ6XG579jbKyjXPGGY:file-FybygG0JqXkpzx9v3k28P7K4
5841686	5841686_23153_0_0.cram.crai	5841686_23153_0_0.cram	project-G3Yj1vjJ6XG579jbKyjXPGGY:file-Fybx580J7qGj4gBb3kQYGPfZ	project-G3Yj1vjJ6XG579jbKyjXPGGY:file-Fybx590J7qGf5Yx53k17F0zP
5841695	5841695_23153_0_0.cram.crai	5841695_23153_0_0.cram	project-G3Yj1vjJ6XG579jbKyjXPGGY:file-FybyVQ8JkB6958zV3kz19pZ4	project-G3Yj1vjJ6XG579jbKyjXPGGY:file-FybyVZjJkB60ZfJQ3kvV7kb8
5841704	5841704_23153_0_0.cram.crai	5841704_23153_0_0.cram	project-G3Yj1vjJ6XG579jbKyjXPGGY:file-Fybxjx0JXP9XKg6V3jYvqkxz	project-G3Yj1vjJ6XG579jbKyjXPGGY:file-FybxjFQJXP9Y6fz03jJVfB0Y
5841716	5841716_23153_0_0.cram.crai	5841716_23153_0_0.cram	project-G3Yj1vjJ6XG579jbKyjXPGGY:file-Fybvk10Jg48Yy9vZ3kP6jY7g	project-G3Yj1vjJ6XG579jbKyjXPGGY:file-Fybvk1QJg48zzFk0PvKKK4gz
5841747	5841747_23153_0_0.cram.crai	5841747_23153_0_0.cram	project-G3Yj1vjJ6XG579jbKyjXPGGY:file-Fybvzq0Jx44G4jfV3jbZZ0xZ	project-G3Yj1vjJ6XG579jbKyjXPGGY:file-Fybvzx0Jx44GfQGY3jj1f99b
5841750	5841750_23153_0_0.cram.crai	5841750_23153_0_0.cram	project-G3Yj1vjJ6XG579jbKyjXPGGY:file-Fyf4Vq0JpyVZKyx1B99VGpqY	project-G3Yj1vjJ6XG579jbKyjXPGGY:file-Fyf4Vq8JpyVpPb85K6yJ0ggP
5841802	5841802_23153_0_0.cram.crai	5841802_23153_0_0.cram	project-G3Yj1vjJ6XG579jbKyjXPGGY:file-FybxVzjJq9XG4jfV3jbZZ3vv	project-G3Yj1vjJ6XG579jbKyjXPGGY:file-FybxVkjJq9XPgyZ03jF792K8
5841888	5841888_23153_0_0.cram.crai	5841888_23153_0_0.cram	project-G3Yj1vjJ6XG579jbKyjXPGGY:file-FybyXY0J36PKgz4q3jyq4Y2V	project-G3Yj1vjJ6XG579jbKyjXPGGY:file-FybyXGjJ36P0ZfJQ3kvV7kjz
5841896	5841896_23153_0_0.cram.crai	5841896_23153_0_0.cram	project-G3Yj1vjJ6XG579jbKyjXPGGY:file-Fyf1JgjJKz9yYGJZ3jyQBKQG	project-G3Yj1vjJ6XG579jbKyjXPGGY:file-Fyf1JjQJKz9kXYqQ3jxxKk8k
5841945	5841945_23153_0_0.cram.crai	5841945_23153_0_0.cram	project-G3Yj1vjJ6XG579jbKyjXPGGY:file-Fybxb5QJgXZfbJq23kb8zjXQ	project-G3Yj1vjJ6XG579jbKyjXPGGY:file-FybxbYjJgXZbVfK43k0bByXx
5841958	5841958_23153_0_0.cram.crai	5841958_23153_0_0.cram	project-G3Yj1vjJ6XG579jbKyjXPGGY:file-FybxF5jJqXkv4jfV3jbZZ2g8	project-G3Yj1vjJ6XG579jbKyjXPGGY:file-FybxF0jJqXkQ5xP83jXBJV8x
5841967	5841967_23153_0_0.cram.crai	5841967_23153_0_0.cram	project-G3Yj1vjJ6XG579jbKyjXPGGY:file-Fybxvb0Jy2FGfQGY3jj1fKYk	project-G3Yj1vjJ6XG579jbKyjXPGGY:file-Fybxvb0Jy2FKgz4q3jyq4KY6
5841974	5841974_23153_0_0.cram.crai	5841974_23153_0_0.cram	project-G3Yj1vjJ6XG579jbKyjXPGGY:file-FybxkyQJxQ0v9ky93jF7Y7bz	project-G3Yj1vjJ6XG579jbKyjXPGGY:file-Fybxkz0JxQ0qX08fG45vK6K8
5841989	5841989_23153_0_0.cram.crai	5841989_23153_0_0.cram	project-G3Yj1vjJ6XG579jbKyjXPGGY:file-Fybxfz8J5V08zFQF3jG6zGk8	project-G3Yj1vjJ6XG579jbKyjXPGGY:file-Fybxg0QJ5V0KYGJZ3jyQ9xbq
5842010	5842010_23153_0_0.cram.crai	5842010_23153_0_0.cram	project-G3Yj1vjJ6XG579jbKyjXPGGY:file-FybvpQQJxQzk65763jfjyb4x	project-G3Yj1vjJ6XG579jbKyjXPGGY:file-FybvpQQJxQzyYGJZ3jyQ9jkq
5842044	5842044_23153_0_0.cram.crai	5842044_23153_0_0.cram	project-G3Yj1vjJ6XG579jbKyjXPGGY:file-FybvxZ0Jp3fBXXQZ3kp073f8	project-G3Yj1vjJ6XG579jbKyjXPGGY:file-FybvxZQJp3f0jz7g3jJVVJP8
5842056	5842056_23153_0_0.cram.crai	5842056_23153_0_0.cram	project-G3Yj1vjJ6XG579jbKyjXPGGY:file-FybyGJ8J8qGk65763jfjyy71	project-G3Yj1vjJ6XG579jbKyjXPGGY:file-FybyGJ8J8qGkPxkG3k8v6B9V
5842083	5842083_23153_0_0.cram.crai	5842083_23153_0_0.cram	project-G3Yj1vjJ6XG579jbKyjXPGGY:file-FybxZ5QJZYj0jKFZ3jf5QJZ9	project-G3Yj1vjJ6XG579jbKyjXPGGY:file-FybxZ2QJZYj2Kg6V3jYvqk1P
5842118	5842118_23153_0_0.cram.crai	5842118_23153_0_0.cram	project-G3Yj1vjJ6XG579jbKyjXPGGY:file-FybyQb8Jk0pJ9g6y3jJvfPyb	project-G3Yj1vjJ6XG579jbKyjXPGGY:file-FybyQf8Jk0p93V1V3jZGF5Gx
5842137	5842137_23153_0_0.cram.crai	5842137_23153_0_0.cram	project-G3Yj1vjJ6XG579jbKyjXPGGY:file-Fyby8v8JPZX9XYqQ3jxxKJ3v	project-G3Yj1vjJ6XG579jbKyjXPGGY:file-Fyby8x8JPZX965763jfjyxY2
5842151	5842151_23153_0_0.cram.crai	5842151_23153_0_0.cram	project-G3Yj1vjJ6XG579jbKyjXPGGY:file-Fyby59jJZxbGfQGY3jj1fQBg	project-G3Yj1vjJ6XG579jbKyjXPGGY:file-Fyby5B8JZxb64Zg33jJkfy9B
5842179	5842179_23153_0_0.cram.crai	5842179_23153_0_0.cram	project-G3Yj1vjJ6XG579jbKyjXPGGY:file-Fybxy1QJx44BXXQZ3kp079QY	project-G3Yj1vjJ6XG579jbKyjXPGGY:file-Fybxy1QJx44PgyZ03jF794zk
5842201	5842201_23153_0_0.cram.crai	5842201_23153_0_0.cram	project-G3Yj1vjJ6XG579jbKyjXPGGY:file-Fyf42z8J9PfgJ5pq6gy78G8B	project-G3Yj1vjJ6XG579jbKyjXPGGY:file-Fyf42zQJ9PfQjKFZ3jf5VBkB
5842219	5842219_23153_0_0.cram.crai	5842219_23153_0_0.cram	project-G3Yj1vjJ6XG579jbKyjXPGGY:file-Fyf4q4jJkG4286YP7ZVP5z0g	project-G3Yj1vjJ6XG579jbKyjXPGGY:file-Fyf4q4jJkG4BPb85K6yJ0kzB
5842226	5842226_23153_0_0.cram.crai	5842226_23153_0_0.cram	project-G3Yj1vjJ6XG579jbKyjXPGGY:file-FybyfvQJ5jgYfQVX3jFk0K3G	project-G3Yj1vjJ6XG579jbKyjXPGGY:file-FybyfvjJ5jgXQf4v3jQjkk78
5842242	5842242_23153_0_0.cram.crai	5842242_23153_0_0.cram	project-G3Yj1vjJ6XG579jbKyjXPGGY:file-FybxfYQJZB9pXXQZ3kp077bv	project-G3Yj1vjJ6XG579jbKyjXPGGY:file-FybxfZjJZB9QyB833kVX9Y0q
5842287	5842287_23153_0_0.cram.crai	5842287_23153_0_0.cram	project-G3Yj1vjJ6XG579jbKyjXPGGY:file-Fyby3g0J7qGzzFk0PvKKKJ7G	project-G3Yj1vjJ6XG579jbKyjXPGGY:file-Fyby438J7qGf5Yx53k17F6pZ
5842293	5842293_23153_0_0.cram.crai	5842293_23153_0_0.cram	project-G3Yj1vjJ6XG579jbKyjXPGGY:file-FygQZV0JKJZk5Byb6XyB2xzv	project-G3Yj1vjJ6XG579jbKyjXPGGY:file-FygQZVjJKJZk0qQ9JyQ71Zg1
5842321	5842321_23153_0_0.cram.crai	5842321_23153_0_0.cram	project-G3Yj1vjJ6XG579jbKyjXPGGY:file-Fybz5kQJk0p0yB833kVX9x2B	project-G3Yj1vjJ6XG579jbKyjXPGGY:file-Fybz5kjJk0p9b4843jZpXGx3
5842357	5842357_23153_0_0.cram.crai	5842357_23153_0_0.cram	project-G3Yj1vjJ6XG579jbKyjXPGGY:file-Fyf42q0Jz6ZQyB833kVXBQQv	project-G3Yj1vjJ6XG579jbKyjXPGGY:file-Fyf42qQJz6Zy32Fv3jjxkPkB
5842368	5842368_23153_0_0.cram.crai	5842368_23153_0_0.cram	project-G3Yj1vjJ6XG579jbKyjXPGGY:file-Fybx8x8J68G8zFQF3jG6zBFF	project-G3Yj1vjJ6XG579jbKyjXPGGY:file-Fybx8y0J68G9g7P43kGQX8zZ
5842415	5842415_23153_0_0.cram.crai	5842415_23153_0_0.cram	project-G3Yj1vjJ6XG579jbKyjXPGGY:file-FybyY8QJ5p6Bff0VBBxFXy35	project-G3Yj1vjJ6XG579jbKyjXPGGY:file-FybyY8jJ5p6GfQGY3jj1fY67
5842430	5842430_23153_0_0.cram.crai	5842430_23153_0_0.cram	project-G3Yj1vjJ6XG579jbKyjXPGGY:file-FybvfV0JB60Yy25J9XJb5182	project-G3Yj1vjJ6XG579jbKyjXPGGY:file-FybvfVQJB60xQqfk3jJYVBqy
5842459	5842459_23153_0_0.cram.crai	5842459_23153_0_0.cram	project-G3Yj1vjJ6XG579jbKyjXPGGY:file-Fyf6FB8JF1Ybj06Y3jy24jx6	project-G3Yj1vjJ6XG579jbKyjXPGGY:file-Fyf6FF0JF1YgqjfP3kgKVJ7f
5842477	5842477_23153_0_0.cram.crai	5842477_23153_0_0.cram	project-G3Yj1vjJ6XG579jbKyjXPGGY:file-Fybyyk8J6v5Q5xP83jXBK0VJ	project-G3Yj1vjJ6XG579jbKyjXPGGY:file-FybyykQJ6v5QF8xJ3kB94PXB
5842539	5842539_23153_0_0.cram.crai	5842539_23153_0_0.cram	project-G3Yj1vjJ6XG579jbKyjXPGGY:file-Fybxz88J6v5xQqfk3jJYVX8z	project-G3Yj1vjJ6XG579jbKyjXPGGY:file-FybxzY8J6v5z6V3k3kzV0q7j
5842571	5842571_23153_0_0.cram.crai	5842571_23153_0_0.cram	project-G3Yj1vjJ6XG579jbKyjXPGGY:file-Fyby0KQJp3f0yB833kVX9b7b	project-G3Yj1vjJ6XG579jbKyjXPGGY:file-Fyby0V0Jp3fKgz4q3jyq4PQk
5842586	5842586_23153_0_0.cram.crai	5842586_23153_0_0.cram	project-G3Yj1vjJ6XG579jbKyjXPGGY:file-Fyby8j0Jy2jgqjfP3kgKPZgJ	project-G3Yj1vjJ6XG579jbKyjXPGGY:file-Fyby8j0Jy2jkXYqQ3jxxKJ26
5842613	5842613_23153_0_0.cram.crai	5842613_23153_0_0.cram	project-G3Yj1vjJ6XG579jbKyjXPGGY:file-Fybvx30J11Q84gBb3kQYGK8J	project-G3Yj1vjJ6XG579jbKyjXPGGY:file-Fybvx40J11Q7qjfP3kgKPG4b
5842625	5842625_23153_0_0.cram.crai	5842625_23153_0_0.cram	project-G3Yj1vjJ6XG579jbKyjXPGGY:file-Fybz1BjJKgVpzx9v3k28PB32	project-G3Yj1vjJ6XG579jbKyjXPGGY:file-Fybz1G0JKgVpPb85K6yJ00KX
5842681	5842681_23153_0_0.cram.crai	5842681_23153_0_0.cram	project-G3Yj1vjJ6XG579jbKyjXPGGY:file-Fyf4GvjJjvYxJ1YV3jzqZz4Z	project-G3Yj1vjJ6XG579jbKyjXPGGY:file-Fyf4GvjJjvYv4jfV3jbZbB63
5842697	5842697_23153_0_0.cram.crai	5842697_23153_0_0.cram	project-G3Yj1vjJ6XG579jbKyjXPGGY:file-Fyf4Q5jJbB29g7P43kGQY8q1	project-G3Yj1vjJ6XG579jbKyjXPGGY:file-Fyf4Q6QJbB28zFQF3jG709yJ
5842758	5842758_23153_0_0.cram.crai	5842758_23153_0_0.cram	project-G3Yj1vjJ6XG579jbKyjXPGGY:file-FybxG9QJ5jgQjz7g3jJVVPxg	project-G3Yj1vjJ6XG579jbKyjXPGGY:file-FybxGBjJ5jgyYGJZ3jyQ9qff
5842767	5842767_23153_0_0.cram.crai	5842767_23153_0_0.cram	project-G3Yj1vjJ6XG579jbKyjXPGGY:file-FybxPY8J6Q56X5613kgxG79p	project-G3Yj1vjJ6XG579jbKyjXPGGY:file-FybxPY8J6Q58qy9P3j9QQ4QQ
5842789	5842789_23153_0_0.cram.crai	5842789_23153_0_0.cram	project-G3Yj1vjJ6XG579jbKyjXPGGY:file-Fybvxq0J0PQ9XYqQ3jxxK4Q5	project-G3Yj1vjJ6XG579jbKyjXPGGY:file-Fybvxq8J0PQ0jz7g3jJVVJV9
5842809	5842809_23153_0_0.cram.crai	5842809_23153_0_0.cram	project-G3Yj1vjJ6XG579jbKyjXPGGY:file-Fyf1bVQJPbFGfQGY3jj1g41j	project-G3Yj1vjJ6XG579jbKyjXPGGY:file-Fyf1bX8JPbF9PxkG3k8v6qvP
5842824	5842824_23153_0_0.cram.crai	5842824_23153_0_0.cram	project-G3Yj1vjJ6XG579jbKyjXPGGY:file-Fyby5q0J21pfQX8B3kyz0v4X	project-G3Yj1vjJ6XG579jbKyjXPGGY:file-Fyby5q8J21pygz4q3jyq4QZV
5842846	5842846_23153_0_0.cram.crai	5842846_23153_0_0.cram	project-G3Yj1vjJ6XG579jbKyjXPGGY:file-Fybygf0J5XG0yB833kVX9p2j	project-G3Yj1vjJ6XG579jbKyjXPGGY:file-FybygfQJ5XGGfQGY3jj1fZJ9
5842891	5842891_23153_0_0.cram.crai	5842891_23153_0_0.cram	project-G3Yj1vjJ6XG579jbKyjXPGGY:file-Fyf49kjJGgb59V544519jYkv	project-G3Yj1vjJ6XG579jbKyjXPGGY:file-Fyf49p0JGgbPgyZ03jF7B5FP
5842904	5842904_23153_0_0.cram.crai	5842904_23153_0_0.cram	project-G3Yj1vjJ6XG579jbKyjXPGGY:file-Fyby31jJYVJj8X51FVq6QY6b	project-G3Yj1vjJ6XG579jbKyjXPGGY:file-Fyby380JYVJqJqj13pX3qGf6
5842916	5842916_23153_0_0.cram.crai	5842916_23153_0_0.cram	project-G3Yj1vjJ6XG579jbKyjXPGGY:file-Fybxb60JB60Y6fz03jJVf9JB	project-G3Yj1vjJ6XG579jbKyjXPGGY:file-FybxbFjJB60v4jfV3jbZZ4Xv
5843002	5843002_23153_0_0.cram.crai	5843002_23153_0_0.cram	project-G3Yj1vjJ6XG579jbKyjXPGGY:file-Fyby268JkbQzzFk0PvKKKGxb	project-G3Yj1vjJ6XG579jbKyjXPGGY:file-Fyby268JkbQx9g6y3jJvfJ30
5843030	5843030_23153_0_0.cram.crai	5843030_23153_0_0.cram	project-G3Yj1vjJ6XG579jbKyjXPGGY:file-Fyf4pq8J9V0vXqY33k9G4Qy4	project-G3Yj1vjJ6XG579jbKyjXPGGY:file-Fyf4pv0J9V0fbJq23kb915yP
5843059	5843059_23153_0_0.cram.crai	5843059_23153_0_0.cram	project-G3Yj1vjJ6XG579jbKyjXPGGY:file-Fyf5jY0J1Z38qy9P3j9QVQ79	project-G3Yj1vjJ6XG579jbKyjXPGGY:file-Fyf5jYQJ1Z3JQqfk3jJYXfjZ
5843096	5843096_23153_0_0.cram.crai	5843096_23153_0_0.cram	project-G3Yj1vjJ6XG579jbKyjXPGGY:file-Fybx2yjJFqvbj06Y3jy23GZ9	project-G3Yj1vjJ6XG579jbKyjXPGGY:file-Fybx2j0JFqvx1vFb3k48g9X7
5843148	5843148_23153_0_0.cram.crai	5843148_23153_0_0.cram	project-G3Yj1vjJ6XG579jbKyjXPGGY:file-Fybx0y8Jv7PQF8xJ3kB943Kv	project-G3Yj1vjJ6XG579jbKyjXPGGY:file-Fybx0y8Jv7PVJx4y3kq3xgxy
5843169	5843169_23153_0_0.cram.crai	5843169_23153_0_0.cram	project-G3Yj1vjJ6XG579jbKyjXPGGY:file-Fyf4Fx8Jz6Zf4Zg33jJkgpPx	project-G3Yj1vjJ6XG579jbKyjXPGGY:file-Fyf4FxjJz6ZQF8xJ3kB954Pg
5843216	5843216_23153_0_0.cram.crai	5843216_23153_0_0.cram	project-G3Yj1vjJ6XG579jbKyjXPGGY:file-Fyf4KbjJvkyyxx324vBY1vV7	project-G3Yj1vjJ6XG579jbKyjXPGGY:file-Fyf4Kj0JvkygqjfP3kgKQp9x
5843229	5843229_23153_0_0.cram.crai	5843229_23153_0_0.cram	project-G3Yj1vjJ6XG579jbKyjXPGGY:file-Fyf4yK0JX740ZfJQ3kvV8XjG	project-G3Yj1vjJ6XG579jbKyjXPGGY:file-Fyf4yKQJX7493V1V3jZGG88x
5843231	5843231_23153_0_0.cram.crai	5843231_23153_0_0.cram	project-G3Yj1vjJ6XG579jbKyjXPGGY:file-FybvZP0J5V05j06Y3jy23BK7	project-G3Yj1vjJ6XG579jbKyjXPGGY:file-FybvZP0J5V00jz7g3jJVVG60
5843250	5843250_23153_0_0.cram.crai	5843250_23153_0_0.cram	project-G3Yj1vjJ6XG579jbKyjXPGGY:file-Fybxg90J7QYBzx9v3k28P0f2	project-G3Yj1vjJ6XG579jbKyjXPGGY:file-Fybxg9QJ7QYBXXQZ3kp077xx
5843265	5843265_23153_0_0.cram.crai	5843265_23153_0_0.cram	project-G3Yj1vjJ6XG579jbKyjXPGGY:file-Fyf4K6jJx2057v96P5VP885f	project-G3Yj1vjJ6XG579jbKyjXPGGY:file-Fyf4K70Jx206QX8B3kyz1j60
5843273	5843273_23153_0_0.cram.crai	5843273_23153_0_0.cram	project-G3Yj1vjJ6XG579jbKyjXPGGY:file-FybxgV0JZYj5j06Y3jy23Q87	project-G3Yj1vjJ6XG579jbKyjXPGGY:file-FybxgZ8JZYjFX08fG45vK5zY
5843282	5843282_23153_0_0.cram.crai	5843282_23153_0_0.cram	project-G3Yj1vjJ6XG579jbKyjXPGGY:file-FybygVjJ96JB2P0F3P9JVvqz	project-G3Yj1vjJ6XG579jbKyjXPGGY:file-FybygXQJ96J9b4843jZpX80P
5843317	5843317_23153_0_0.cram.crai	5843317_23153_0_0.cram	project-G3Yj1vjJ6XG579jbKyjXPGGY:file-Fyby1G0JX1yj3pf33jvJv9yZ	project-G3Yj1vjJ6XG579jbKyjXPGGY:file-Fyby1J8JX1yp2P0F3P9JVjKz
5843324	5843324_23153_0_0.cram.crai	5843324_23153_0_0.cram	project-G3Yj1vjJ6XG579jbKyjXPGGY:file-Fybz5x8J2p45j06Y3jy23kbx	project-G3Yj1vjJ6XG579jbKyjXPGGY:file-Fybz5xQJ2p4GfQGY3jj1fq8V
5843346	5843346_23153_0_0.cram.crai	5843346_23153_0_0.cram	project-G3Yj1vjJ6XG579jbKyjXPGGY:file-FybyzK0J0PQJ9g6y3jJvfY8v	project-G3Yj1vjJ6XG579jbKyjXPGGY:file-FybyzQ0J0PQ7qjfP3kgKPv45
5843375	5843375_23153_0_0.cram.crai	5843375_23153_0_0.cram	project-G3Yj1vjJ6XG579jbKyjXPGGY:file-Fybyy28Jy2FBzx9v3k28P8yX	project-G3Yj1vjJ6XG579jbKyjXPGGY:file-Fybyy7QJy2FFJqj13pX3qXKF
5843391	5843391_23153_0_0.cram.crai	5843391_23153_0_0.cram	project-G3Yj1vjJ6XG579jbKyjXPGGY:file-FybvvJ8JVyzVv92p3jFzg7Gk	project-G3Yj1vjJ6XG579jbKyjXPGGY:file-FybvvY0JVyzygz4q3jyq48ZQ
5843435	5843435_23153_0_0.cram.crai	5843435_23153_0_0.cram	project-G3Yj1vjJ6XG579jbKyjXPGGY:file-Fyf1ZVjJKz9j3pf33jvJvjjF	project-G3Yj1vjJ6XG579jbKyjXPGGY:file-Fyf1ZVjJKz9x1vFb3k48gxkX
5843456	5843456_23153_0_0.cram.crai	5843456_23153_0_0.cram	project-G3Yj1vjJ6XG579jbKyjXPGGY:file-Fyf3q68Jx20Kxx324vBY1gv7	project-G3Yj1vjJ6XG579jbKyjXPGGY:file-Fyf3q68Jx200ZfJQ3kvV8BVz
5843461	5843461_23153_0_0.cram.crai	5843461_23153_0_0.cram	project-G3Yj1vjJ6XG579jbKyjXPGGY:file-Fyf0K90J4kqjqy9P3j9QQXvx	project-G3Yj1vjJ6XG579jbKyjXPGGY:file-Fyf0K9jJ4kqj4gBb3kQYJ3vF
5843503	5843503_23153_0_0.cram.crai	5843503_23153_0_0.cram	project-G3Yj1vjJ6XG579jbKyjXPGGY:file-FybxJZ8J2bqVv92p3jFzgB91	project-G3Yj1vjJ6XG579jbKyjXPGGY:file-FybxK0jJ2bqj4gBb3kQYGQzx
5843545	5843545_23153_0_0.cram.crai	5843545_23153_0_0.cram	project-G3Yj1vjJ6XG579jbKyjXPGGY:file-FybxGbQJzBxvXqY33k9G3Jy6	project-G3Yj1vjJ6XG579jbKyjXPGGY:file-FybxGf0JzBxQzQ6f737bXGjv
5843637	5843637_23153_0_0.cram.crai	5843637_23153_0_0.cram	project-G3Yj1vjJ6XG579jbKyjXPGGY:file-Fyf3qx0J9PfYy9vZ3kP6kb3f	project-G3Yj1vjJ6XG579jbKyjXPGGY:file-Fyf3qx0J9PfbVfK43k0bFk5Q
5843643	5843643_23153_0_0.cram.crai	5843643_23153_0_0.cram	project-G3Yj1vjJ6XG579jbKyjXPGGY:file-Fyf3xqQJvPJYy25J9XJb674y	project-G3Yj1vjJ6XG579jbKyjXPGGY:file-Fyf3xv0JvPJf5Yx53k17G0BV
5843692	5843692_23153_0_0.cram.crai	5843692_23153_0_0.cram	project-G3Yj1vjJ6XG579jbKyjXPGGY:file-Fybxp9jJ68G6QX8B3kyz0kF8	project-G3Yj1vjJ6XG579jbKyjXPGGY:file-FybxpB0J68GBZkpz3kYVK0xg
5843708	5843708_23153_0_0.cram.crai	5843708_23153_0_0.cram	project-G3Yj1vjJ6XG579jbKyjXPGGY:file-Fybx420J5xqy7Jp68g0XVq4P	project-G3Yj1vjJ6XG579jbKyjXPGGY:file-Fybx4KQJ5xqpZkpz3kYVJvp2
5843714	5843714_23153_0_0.cram.crai	5843714_23153_0_0.cram	project-G3Yj1vjJ6XG579jbKyjXPGGY:file-Fyf55j0J5yyQ05Q332gPb52x	project-G3Yj1vjJ6XG579jbKyjXPGGY:file-Fyf55jQJ5yyXKg6V3jYvx6Yz
5843727	5843727_23153_0_0.cram.crai	5843727_23153_0_0.cram	project-G3Yj1vjJ6XG579jbKyjXPGGY:file-Fybx59jJ5p6G4jfV3jbZZ1y7	project-G3Yj1vjJ6XG579jbKyjXPGGY:file-Fybx5J0J5p60ZfJQ3kvV7Qzj
5843753	5843753_23153_0_0.cram.crai	5843753_23153_0_0.cram	project-G3Yj1vjJ6XG579jbKyjXPGGY:file-Fybxg70Jj9kgJ5pq6gy772bJ	project-G3Yj1vjJ6XG579jbKyjXPGGY:file-Fybxg6jJj9kXKg6V3jYvqkZ4
5843771	5843771_23153_0_0.cram.crai	5843771_23153_0_0.cram	project-G3Yj1vjJ6XG579jbKyjXPGGY:file-FybxY8QJvyFv4jfV3jbZZ441	project-G3Yj1vjJ6XG579jbKyjXPGGY:file-FybxY9QJvyFv9ky93jF7Y6JG
5843806	5843806_23153_0_0.cram.crai	5843806_23153_0_0.cram	project-G3Yj1vjJ6XG579jbKyjXPGGY:file-Fyf42y8JbB2286YP7ZVP5k1j	project-G3Yj1vjJ6XG579jbKyjXPGGY:file-Fyf42z0JbB22Kg6V3jYvvyGK
5843870	5843870_23153_0_0.cram.crai	5843870_23153_0_0.cram	project-G3Yj1vjJ6XG579jbKyjXPGGY:file-Fybxq2QJPZXBzx9v3k28P1bx	project-G3Yj1vjJ6XG579jbKyjXPGGY:file-Fybxq2QJPZXB2P0F3P9JVg3b
5843942	5843942_23153_0_0.cram.crai	5843942_23153_0_0.cram	project-G3Yj1vjJ6XG579jbKyjXPGGY:file-FybyBB0J0PQ7qjfP3kgKPb38	project-G3Yj1vjJ6XG579jbKyjXPGGY:file-FybyF10J0PQ0jKFZ3jf5QXQB
5843960	5843960_23153_0_0.cram.crai	5843960_23153_0_0.cram	project-G3Yj1vjJ6XG579jbKyjXPGGY:file-Fybx8V0JYVJXKg6V3jYvqfQQ	project-G3Yj1vjJ6XG579jbKyjXPGGY:file-Fybx8X0JYVJkb4843jZpVyk8
5843987	5843987_23153_0_0.cram.crai	5843987_23153_0_0.cram	project-G3Yj1vjJ6XG579jbKyjXPGGY:file-FybxvYQJQX0xJ1YV3jzqYy86	project-G3Yj1vjJ6XG579jbKyjXPGGY:file-FybxvkjJQX0qX08fG45vK74j
5844003	5844003_23153_0_0.cram.crai	5844003_23153_0_0.cram	project-G3Yj1vjJ6XG579jbKyjXPGGY:file-Fyf5zP8JF1YxJ1YV3jzqb8jv	project-G3Yj1vjJ6XG579jbKyjXPGGY:file-Fyf5zPjJF1Yjqy9P3j9QVV1z
5844011	5844011_23153_0_0.cram.crai	5844011_23153_0_0.cram	project-G3Yj1vjJ6XG579jbKyjXPGGY:file-Fybx4fjJJ9Z6X5613kgxG5PZ	project-G3Yj1vjJ6XG579jbKyjXPGGY:file-Fybx4fjJJ9Z1v92p3jFzg8f4
5844022	5844022_23153_0_0.cram.crai	5844022_23153_0_0.cram	project-G3Yj1vjJ6XG579jbKyjXPGGY:file-Fybz1zQJxF3zzFk0PvKKKZBk	project-G3Yj1vjJ6XG579jbKyjXPGGY:file-Fybz208JxF3Yy9vZ3kP6k17K
5844067	5844067_23153_0_0.cram.crai	5844067_23153_0_0.cram	project-G3Yj1vjJ6XG579jbKyjXPGGY:file-FybxyyQJPpy7J5pq6gy774kb	project-G3Yj1vjJ6XG579jbKyjXPGGY:file-Fybxz08JPpyGJ1Bv3jzp0FzQ
5844112	5844112_23153_0_0.cram.crai	5844112_23153_0_0.cram	project-G3Yj1vjJ6XG579jbKyjXPGGY:file-FybyY9QJjy6kPxkG3k8v6Fq5	project-G3Yj1vjJ6XG579jbKyjXPGGY:file-FybyYF8Jjy6kXYqQ3jxxKPJP
5844121	5844121_23153_0_0.cram.crai	5844121_23153_0_0.cram	project-G3Yj1vjJ6XG579jbKyjXPGGY:file-Fyby5Z8J18XQ5xP83jXBJfpb	project-G3Yj1vjJ6XG579jbKyjXPGGY:file-Fyby5Z8J18Xyxx324vBY0xB7
5844168	5844168_23153_0_0.cram.crai	5844168_23153_0_0.cram	project-G3Yj1vjJ6XG579jbKyjXPGGY:file-FybxY1QJFfkk3V1V3jZGBz1v	project-G3Yj1vjJ6XG579jbKyjXPGGY:file-FybxY1QJFfkzgyZ03jF792ZG
5844207	5844207_23153_0_0.cram.crai	5844207_23153_0_0.cram	project-G3Yj1vjJ6XG579jbKyjXPGGY:file-Fybxpv0JGGVPgyZ03jF79481	project-G3Yj1vjJ6XG579jbKyjXPGGY:file-FybxpvjJGGVJ1vFb3k48gKbB
5844235	5844235_23153_0_0.cram.crai	5844235_23153_0_0.cram	project-G3Yj1vjJ6XG579jbKyjXPGGY:file-FybyYb0J5ZGxQqfk3jJYVgz3	project-G3Yj1vjJ6XG579jbKyjXPGGY:file-FybyYfQJ5ZGjqy9P3j9QQFjY
5844244	5844244_23153_0_0.cram.crai	5844244_23153_0_0.cram	project-G3Yj1vjJ6XG579jbKyjXPGGY:file-Fybx8j8J3Zpv9ky93jF7Y4YB	project-G3Yj1vjJ6XG579jbKyjXPGGY:file-Fybx8jjJ3ZppZkpz3kYVJxYx
5844256	5844256_23153_0_0.cram.crai	5844256_23153_0_0.cram	project-G3Yj1vjJ6XG579jbKyjXPGGY:file-Fybxkk0JZxb965763jfjyp6X	project-G3Yj1vjJ6XG579jbKyjXPGGY:file-Fybxkp0JZxbP6V3k3kzV0kY7
5844261	5844261_23153_0_0.cram.crai	5844261_23153_0_0.cram	project-G3Yj1vjJ6XG579jbKyjXPGGY:file-Fybvk88JgXZqX08fG45vK0YY	project-G3Yj1vjJ6XG579jbKyjXPGGY:file-Fybvk88JgXZj3pf33jvJv1jK
5844283	5844283_23153_0_0.cram.crai	5844283_23153_0_0.cram	project-G3Yj1vjJ6XG579jbKyjXPGGY:file-Fyby9vjJgXZv4jfV3jbZZ9BV	project-G3Yj1vjJ6XG579jbKyjXPGGY:file-Fyby9xQJgXZvXqY33k9G3Z2B
5844308	5844308_23153_0_0.cram.crai	5844308_23153_0_0.cram	project-G3Yj1vjJ6XG579jbKyjXPGGY:file-Fybz7k0J6b9GJ1Bv3jzp0b1g	project-G3Yj1vjJ6XG579jbKyjXPGGY:file-Fybz7kjJ6b90jKFZ3jf5QvQy
5844327	5844327_23153_0_0.cram.crai	5844327_23153_0_0.cram	project-G3Yj1vjJ6XG579jbKyjXPGGY:file-FybvbjQJ3xkByB9v3jV389Bq	project-G3Yj1vjJ6XG579jbKyjXPGGY:file-FybvbjjJ3xk6bJq23kb8zYPK
5844339	5844339_23153_0_0.cram.crai	5844339_23153_0_0.cram	project-G3Yj1vjJ6XG579jbKyjXPGGY:file-FybqFK8J2qX65Yx53k17Bvvj	project-G3Yj1vjJ6XG579jbKyjXPGGY:file-FybqFPQJ2qXFX08fG45vJyB7
5844353	5844353_23153_0_0.cram.crai	5844353_23153_0_0.cram	project-G3Yj1vjJ6XG579jbKyjXPGGY:file-FybxfJjJ06z0jz7g3jJVVVZV	project-G3Yj1vjJ6XG579jbKyjXPGGY:file-FybxfYQJ06zBXXQZ3kp077by
5844362	5844362_23153_0_0.cram.crai	5844362_23153_0_0.cram	project-G3Yj1vjJ6XG579jbKyjXPGGY:file-Fybz4Z0JG5QQZfJQ3kvV7xyf	project-G3Yj1vjJ6XG579jbKyjXPGGY:file-Fybz4Z8JG5QqJqj13pX3qYk0
5844386	5844386_23153_0_0.cram.crai	5844386_23153_0_0.cram	project-G3Yj1vjJ6XG579jbKyjXPGGY:file-Fyby0kjJXkB93V1V3jZGF21P	project-G3Yj1vjJ6XG579jbKyjXPGGY:file-Fyby0zjJXkB0F8xJ3kB949Fz
5844395	5844395_23153_0_0.cram.crai	5844395_23153_0_0.cram	project-G3Yj1vjJ6XG579jbKyjXPGGY:file-Fybz24QJZxbGJ1Bv3jzp0Z3Z	project-G3Yj1vjJ6XG579jbKyjXPGGY:file-Fybz258JZxbFX08fG45vKPJ2
5844404	5844404_23153_0_0.cram.crai	5844404_23153_0_0.cram	project-G3Yj1vjJ6XG579jbKyjXPGGY:file-Fyby53jJj9zkXYqQ3jxxKGFg	project-G3Yj1vjJ6XG579jbKyjXPGGY:file-Fyby54QJj9zp2P0F3P9JVk6J
5844429	5844429_23153_0_0.cram.crai	5844429_23153_0_0.cram	project-G3Yj1vjJ6XG579jbKyjXPGGY:file-Fybvk38J1JffbJq23kb8zYxz	project-G3Yj1vjJ6XG579jbKyjXPGGY:file-FybvjyjJ1JfjzFQF3jG6z7gp
5844431	5844431_23153_0_0.cram.crai	5844431_23153_0_0.cram	project-G3Yj1vjJ6XG579jbKyjXPGGY:file-Fyf11BQJ44xvfQGY3jj1g1xx	project-G3Yj1vjJ6XG579jbKyjXPGGY:file-Fyf11F8J44xf4Zg33jJkg8pf
5844447	5844447_23153_0_0.cram.crai	5844447_23153_0_0.cram	project-G3Yj1vjJ6XG579jbKyjXPGGY:file-FybyVFjJZB4qX08fG45vKFQ2	project-G3Yj1vjJ6XG579jbKyjXPGGY:file-FybyVKjJZB4kb4843jZpX6y7
5844473	5844473_23153_0_0.cram.crai	5844473_23153_0_0.cram	project-G3Yj1vjJ6XG579jbKyjXPGGY:file-Fyf4jB0J9V0x1vFb3k48jFKy	project-G3Yj1vjJ6XG579jbKyjXPGGY:file-Fyf4jF8J9V0fQX8B3kyz1pPP
5844502	5844502_23153_0_0.cram.crai	5844502_23153_0_0.cram	project-G3Yj1vjJ6XG579jbKyjXPGGY:file-Fyf58yQJQ3Yj4gBb3kQYJz06	project-G3Yj1vjJ6XG579jbKyjXPGGY:file-Fyf58z8JQ3YfQX8B3kyz1y8Y
5844523	5844523_23153_0_0.cram.crai	5844523_23153_0_0.cram	project-G3Yj1vjJ6XG579jbKyjXPGGY:file-Fybz680J5jgbVfK43k0bFF0J	project-G3Yj1vjJ6XG579jbKyjXPGGY:file-Fybz68QJ5jgk3V1V3jZGFFj8
5844541	5844541_23153_0_0.cram.crai	5844541_23153_0_0.cram	project-G3Yj1vjJ6XG579jbKyjXPGGY:file-Fyf4b4QJ0Z90zQ6f737bYPfB	project-G3Yj1vjJ6XG579jbKyjXPGGY:file-Fyf4b48J0Z94Kyx1B99VGqVq
5844601	5844601_23153_0_0.cram.crai	5844601_23153_0_0.cram	project-G3Yj1vjJ6XG579jbKyjXPGGY:file-FybyYkjJ268Qjz7g3jJVVgvb	project-G3Yj1vjJ6XG579jbKyjXPGGY:file-FybyYp8J268f4Zg33jJkg1Bz
5844626	5844626_23153_0_0.cram.crai	5844626_23153_0_0.cram	project-G3Yj1vjJ6XG579jbKyjXPGGY:file-Fybxy38Jv7PYy25J9XJb5Gzy	project-G3Yj1vjJ6XG579jbKyjXPGGY:file-Fybxy38Jv7PvXqY33k9G3Vb5
5844655	5844655_23153_0_0.cram.crai	5844655_23153_0_0.cram	project-G3Yj1vjJ6XG579jbKyjXPGGY:file-Fyby8kjJ4GY5VfK43k0bF2qg	project-G3Yj1vjJ6XG579jbKyjXPGGY:file-Fyby8p0J4GYKYGJZ3jyQB19G
5844678	5844678_23153_0_0.cram.crai	5844678_23153_0_0.cram	project-G3Yj1vjJ6XG579jbKyjXPGGY:file-FybxFjQJbPpfbJq23kb8zfvg	project-G3Yj1vjJ6XG579jbKyjXPGGY:file-FybxFp8JbPpj8X51FVq6QK3z
5844687	5844687_23153_0_0.cram.crai	5844687_23153_0_0.cram	project-G3Yj1vjJ6XG579jbKyjXPGGY:file-FybyPJjJkFFBzx9v3k28P5kY	project-G3Yj1vjJ6XG579jbKyjXPGGY:file-FybyPjQJkFF0jKFZ3jf5QYG9
5844693	5844693_23153_0_0.cram.crai	5844693_23153_0_0.cram	project-G3Yj1vjJ6XG579jbKyjXPGGY:file-Fyf4GyQJZZXkPxkG3k8v76J1	project-G3Yj1vjJ6XG579jbKyjXPGGY:file-Fyf4GyjJZZXYy25J9XJb6Bp5
5844709	5844709_23153_0_0.cram.crai	5844709_23153_0_0.cram	project-G3Yj1vjJ6XG579jbKyjXPGGY:file-FybypqQJkFFBzx9v3k28P87k	project-G3Yj1vjJ6XG579jbKyjXPGGY:file-FybypqjJkFF0zQ6f737bXf3B
5844763	5844763_23153_0_0.cram.crai	5844763_23153_0_0.cram	project-G3Yj1vjJ6XG579jbKyjXPGGY:file-FybyfyQJ2P95VfK43k0bF5X3	project-G3Yj1vjJ6XG579jbKyjXPGGY:file-Fybyfz0J2P9GXqY33k9G3fPY
5844800	5844800_23153_0_0.cram.crai	5844800_23153_0_0.cram	project-G3Yj1vjJ6XG579jbKyjXPGGY:file-FybvQFQJ5V02Kg6V3jYvq8gY	project-G3Yj1vjJ6XG579jbKyjXPGGY:file-FybvQFQJ5V0JJ1YV3jzqYfk6
5844832	5844832_23153_0_0.cram.crai	5844832_23153_0_0.cram	project-G3Yj1vjJ6XG579jbKyjXPGGY:file-FybxGBQJB60Yy25J9XJb59Bf	project-G3Yj1vjJ6XG579jbKyjXPGGY:file-FybxGF8JB60fQX8B3kyz0fZ6
5844869	5844869_23153_0_0.cram.crai	5844869_23153_0_0.cram	project-G3Yj1vjJ6XG579jbKyjXPGGY:file-Fybygp0JP4ff5Yx53k17FBY0	project-G3Yj1vjJ6XG579jbKyjXPGGY:file-Fybyj1QJP4fk58zV3kz19v1Y
5844876	5844876_23153_0_0.cram.crai	5844876_23153_0_0.cram	project-G3Yj1vjJ6XG579jbKyjXPGGY:file-Fyby448J2vgQZfJQ3kvV7g3B	project-G3Yj1vjJ6XG579jbKyjXPGGY:file-Fyby3qQJ2vggJ5pq6gy775fb
5844897	5844897_23153_0_0.cram.crai	5844897_23153_0_0.cram	project-G3Yj1vjJ6XG579jbKyjXPGGY:file-FybxQQ8J11Q7J5pq6gy771J0	project-G3Yj1vjJ6XG579jbKyjXPGGY:file-FybxQV8J11Q0jKFZ3jf5QGyg
5844918	5844918_23153_0_0.cram.crai	5844918_23153_0_0.cram	project-G3Yj1vjJ6XG579jbKyjXPGGY:file-Fybvv2jJxF3vVpbbGj7QXbX5	project-G3Yj1vjJ6XG579jbKyjXPGGY:file-Fybvv38JxF3pZkpz3kYVJqXf
5844966	5844966_23153_0_0.cram.crai	5844966_23153_0_0.cram	project-G3Yj1vjJ6XG579jbKyjXPGGY:file-Fyf4PGjJpg1Vv92p3jFzjBZJ	project-G3Yj1vjJ6XG579jbKyjXPGGY:file-Fyf4PJQJpg1f4Zg33jJkgqGx
5844984	5844984_23153_0_0.cram.crai	5844984_23153_0_0.cram	project-G3Yj1vjJ6XG579jbKyjXPGGY:file-FybyybQJG5Qk65763jfjz28z	project-G3Yj1vjJ6XG579jbKyjXPGGY:file-FybyybQJG5QqPjGp3jKQy5Q6
5845024	5845024_23153_0_0.cram.crai	5845024_23153_0_0.cram	project-G3Yj1vjJ6XG579jbKyjXPGGY:file-Fyby5k8JxF3fbJq23kb8zvJ3	project-G3Yj1vjJ6XG579jbKyjXPGGY:file-Fyby5kjJxF3k58zV3kz19j50
5845038	5845038_23153_0_0.cram.crai	5845038_23153_0_0.cram	project-G3Yj1vjJ6XG579jbKyjXPGGY:file-Fybyv1jJ5ZGQjz7g3jJVVkQ7	project-G3Yj1vjJ6XG579jbKyjXPGGY:file-Fybyv58J5ZGX86YP7ZVP4pJp
5845075	5845075_23153_0_0.cram.crai	5845075_23153_0_0.cram	project-G3Yj1vjJ6XG579jbKyjXPGGY:file-Fyf4GQQJk54zzFk0PvKKPZYK	project-G3Yj1vjJ6XG579jbKyjXPGGY:file-Fyf4GQQJk54k3V1V3jZGG3ZY
5845080	5845080_23153_0_0.cram.crai	5845080_23153_0_0.cram	project-G3Yj1vjJ6XG579jbKyjXPGGY:file-Fybvf4jJb71PgyZ03jF78xxV	project-G3Yj1vjJ6XG579jbKyjXPGGY:file-Fybvf4jJb71J1vFb3k48g7VX
5845108	5845108_23153_0_0.cram.crai	5845108_23153_0_0.cram	project-G3Yj1vjJ6XG579jbKyjXPGGY:file-Fybx4KjJ01F0yB833kVX9Pj8	project-G3Yj1vjJ6XG579jbKyjXPGGY:file-Fybx4Q0J01F65Yx53k17F0bp
5845114	5845114_23153_0_0.cram.crai	5845114_23153_0_0.cram	project-G3Yj1vjJ6XG579jbKyjXPGGY:file-Fyf3v60Jz9xp2P0F3P9JXpxk	project-G3Yj1vjJ6XG579jbKyjXPGGY:file-Fyf3v68Jz9xpZkpz3kYVP31Y
5845127	5845127_23153_0_0.cram.crai	5845127_23153_0_0.cram	project-G3Yj1vjJ6XG579jbKyjXPGGY:file-Fybxp20JzBxfQX8B3kyz0k8j	project-G3Yj1vjJ6XG579jbKyjXPGGY:file-Fybxp2QJzBxgJ5pq6gy7738G
5845139	5845139_23153_0_0.cram.crai	5845139_23153_0_0.cram	project-G3Yj1vjJ6XG579jbKyjXPGGY:file-FybyGgjJZxb7qjfP3kgKPbxK	project-G3Yj1vjJ6XG579jbKyjXPGGY:file-FybyGkjJZxb1Jx4y3kq3y14Q
5845171	5845171_23153_0_0.cram.crai	5845171_23153_0_0.cram	project-G3Yj1vjJ6XG579jbKyjXPGGY:file-FybygBQJgXZQ5xP83jXBJpGk	project-G3Yj1vjJ6XG579jbKyjXPGGY:file-FybygBQJgXZqPjGp3jKQy3kf
5845186	5845186_23153_0_0.cram.crai	5845186_23153_0_0.cram	project-G3Yj1vjJ6XG579jbKyjXPGGY:file-FybzJp8JYbjP6V3k3kzV19Py	project-G3Yj1vjJ6XG579jbKyjXPGGY:file-FybzJq8JYbjGfQGY3jj1fy6F
5845222	5845222_23153_0_0.cram.crai	5845222_23153_0_0.cram	project-G3Yj1vjJ6XG579jbKyjXPGGY:file-Fybyyj8J8xV286YP7ZVP4q49	project-G3Yj1vjJ6XG579jbKyjXPGGY:file-Fybyyk8J8xV286YP7ZVP4q4q
5845245	5845245_23153_0_0.cram.crai	5845245_23153_0_0.cram	project-G3Yj1vjJ6XG579jbKyjXPGGY:file-Fyby5k0J3xk6X5613kgxGG4P	project-G3Yj1vjJ6XG579jbKyjXPGGY:file-Fyby5kQJ3xkByB9v3jV38Y49
5845267	5845267_23153_0_0.cram.crai	5845267_23153_0_0.cram	project-G3Yj1vjJ6XG579jbKyjXPGGY:file-Fyf4X9QJpyVpZkpz3kYVP86f	project-G3Yj1vjJ6XG579jbKyjXPGGY:file-Fyf4XB8JpyVp2P0F3P9JY4z1
5845289	5845289_23153_0_0.cram.crai	5845289_23153_0_0.cram	project-G3Yj1vjJ6XG579jbKyjXPGGY:file-FybvxzQJVb0GfQGY3jj1f93f	project-G3Yj1vjJ6XG579jbKyjXPGGY:file-Fybvy08JVb05xXGv3jPxvxJk
5845341	5845341_23153_0_0.cram.crai	5845341_23153_0_0.cram	project-G3Yj1vjJ6XG579jbKyjXPGGY:file-Fybxy48JVyzzgyZ03jF79513	project-G3Yj1vjJ6XG579jbKyjXPGGY:file-Fybxy4jJVyzX86YP7ZVP4Z2J
5845388	5845388_23153_0_0.cram.crai	5845388_23153_0_0.cram	project-G3Yj1vjJ6XG579jbKyjXPGGY:file-Fybx18QJ2p484gBb3kQYGKzk	project-G3Yj1vjJ6XG579jbKyjXPGGY:file-Fybx198J2p4J1vFb3k48g99Z
5845405	5845405_23153_0_0.cram.crai	5845405_23153_0_0.cram	project-G3Yj1vjJ6XG579jbKyjXPGGY:file-FybvvKjJjQXY6fz03jJVbpyV	project-G3Yj1vjJ6XG579jbKyjXPGGY:file-FybvvfQJjQXkb4843jZpVvj5
5845418	5845418_23153_0_0.cram.crai	5845418_23153_0_0.cram	project-G3Yj1vjJ6XG579jbKyjXPGGY:file-Fybyv0jJ1Jfk3V1V3jZGF7kj	project-G3Yj1vjJ6XG579jbKyjXPGGY:file-Fybyv1jJ1JfpXXQZ3kp07Py8
5845420	5845420_23153_0_0.cram.crai	5845420_23153_0_0.cram	project-G3Yj1vjJ6XG579jbKyjXPGGY:file-Fybz6k0Jq8Q286YP7ZVP4vpP	project-G3Yj1vjJ6XG579jbKyjXPGGY:file-Fybz6kQJq8Q5j06Y3jy23kpj
5845437	5845437_23153_0_0.cram.crai	5845437_23153_0_0.cram	project-G3Yj1vjJ6XG579jbKyjXPGGY:file-Fyf1P4QJ44xQZfJQ3kvV83XG	project-G3Yj1vjJ6XG579jbKyjXPGGY:file-Fyf1P50J44xxQqfk3jJYX36j
5845443	5845443_23153_0_0.cram.crai	5845443_23153_0_0.cram	project-G3Yj1vjJ6XG579jbKyjXPGGY:file-Fyf4008Jf408zFQF3jG705Vb	project-G3Yj1vjJ6XG579jbKyjXPGGY:file-Fyf4008Jf40PgyZ03jF7B36Y
5845451	5845451_23153_0_0.cram.crai	5845451_23153_0_0.cram	project-G3Yj1vjJ6XG579jbKyjXPGGY:file-Fybz2X0Jy2FG4jfV3jbZZXQ1	project-G3Yj1vjJ6XG579jbKyjXPGGY:file-Fybz2XjJy2F965763jfjz54G
5845466	5845466_23153_0_0.cram.crai	5845466_23153_0_0.cram	project-G3Yj1vjJ6XG579jbKyjXPGGY:file-FyfJ12QJbGQFJqj13pX3xfp4	project-G3Yj1vjJ6XG579jbKyjXPGGY:file-FyfJ130JbGQ7J5pq6gy7B90y
5845479	5845479_23153_0_0.cram.crai	5845479_23153_0_0.cram	project-G3Yj1vjJ6XG579jbKyjXPGGY:file-Fyf4GK0JjvYfX5613kgxJ7f6	project-G3Yj1vjJ6XG579jbKyjXPGGY:file-Fyf4GKQJjvYqJqj13pX3v7y1
5845484	5845484_23153_0_0.cram.crai	5845484_23153_0_0.cram	project-G3Yj1vjJ6XG579jbKyjXPGGY:file-Fybvy28JzBxzzFk0PvKKK5Xb	project-G3Yj1vjJ6XG579jbKyjXPGGY:file-Fybvy28JzBxjqy9P3j9QQ1p5
5845573	5845573_23153_0_0.cram.crai	5845573_23153_0_0.cram	project-G3Yj1vjJ6XG579jbKyjXPGGY:file-Fybxgg0JY22pPb85K6yGzgjk	project-G3Yj1vjJ6XG579jbKyjXPGGY:file-FybxggjJY22k3V1V3jZGF066
5845635	5845635_23153_0_0.cram.crai	5845635_23153_0_0.cram	project-G3Yj1vjJ6XG579jbKyjXPGGY:file-FybxXy0J8xV5j06Y3jy23P6f	project-G3Yj1vjJ6XG579jbKyjXPGGY:file-FybxXy8J8xV9XYqQ3jxxK7kG
5845661	5845661_23153_0_0.cram.crai	5845661_23153_0_0.cram	project-G3Yj1vjJ6XG579jbKyjXPGGY:file-Fybxy1QJPZXJ9g6y3jJvfG5x	project-G3Yj1vjJ6XG579jbKyjXPGGY:file-Fybxy1jJPZX5xXGv3jPxx3j9
5845672	5845672_23153_0_0.cram.crai	5845672_23153_0_0.cram	project-G3Yj1vjJ6XG579jbKyjXPGGY:file-Fybx1k8J4GY965763jfjyfB3	project-G3Yj1vjJ6XG579jbKyjXPGGY:file-Fybx1k8J4GYG9ky93jF7Y3Q3
5845699	5845699_23153_0_0.cram.crai	5845699_23153_0_0.cram	project-G3Yj1vjJ6XG579jbKyjXPGGY:file-Fyf3bqjJGgbB2P0F3P9JXkbB	project-G3Yj1vjJ6XG579jbKyjXPGGY:file-Fyf3bv8JGgbByB9v3jV3962k
5845769	5845769_23153_0_0.cram.crai	5845769_23153_0_0.cram	project-G3Yj1vjJ6XG579jbKyjXPGGY:file-Fyf4B58Jz6Zj4gBb3kQYJgjx	project-G3Yj1vjJ6XG579jbKyjXPGGY:file-Fyf4B5QJz6Zygz4q3jyq5G72
5845801	5845801_23153_0_0.cram.crai	5845801_23153_0_0.cram	project-G3Yj1vjJ6XG579jbKyjXPGGY:file-FybxygQJ268kg7P43kGQXJQv	project-G3Yj1vjJ6XG579jbKyjXPGGY:file-FybxyY0J268qPjGp3jKQxyzG
5845819	5845819_23153_0_0.cram.crai	5845819_23153_0_0.cram	project-G3Yj1vjJ6XG579jbKyjXPGGY:file-Fybyyy8J8qGpzx9v3k28P9B4	project-G3Yj1vjJ6XG579jbKyjXPGGY:file-Fybyyy8J8qGf5Yx53k17FGJk
5845855	5845855_23153_0_0.cram.crai	5845855_23153_0_0.cram	project-G3Yj1vjJ6XG579jbKyjXPGGY:file-Fyby5VQJ9Fg2Kg6V3jYvqvq3	project-G3Yj1vjJ6XG579jbKyjXPGGY:file-Fyby5VjJ9Fg6QX8B3kyz0v1K
5845878	5845878_23153_0_0.cram.crai	5845878_23153_0_0.cram	project-G3Yj1vjJ6XG579jbKyjXPGGY:file-FybxyQQJvj4JJ1YV3jzqYyk9	project-G3Yj1vjJ6XG579jbKyjXPGGY:file-FybxyVQJvj48zFQF3jG6zKkb
5845887	5845887_23153_0_0.cram.crai	5845887_23153_0_0.cram	project-G3Yj1vjJ6XG579jbKyjXPGGY:file-Fybx73QJ37bqPjGp3jKQxpF0	project-G3Yj1vjJ6XG579jbKyjXPGGY:file-Fybx7B8J37bf5Yx53k17F16p
5845893	5845893_23153_0_0.cram.crai	5845893_23153_0_0.cram	project-G3Yj1vjJ6XG579jbKyjXPGGY:file-Fybvk20JfPXp2P0F3P9JVV21	project-G3Yj1vjJ6XG579jbKyjXPGGY:file-Fybvk40JfPXyYGJZ3jyQ9jQG
5845906	5845906_23153_0_0.cram.crai	5845906_23153_0_0.cram	project-G3Yj1vjJ6XG579jbKyjXPGGY:file-Fyby4y0J5jgj4gBb3kQYGbvV	project-G3Yj1vjJ6XG579jbKyjXPGGY:file-Fyby4yjJ5jgvXqY33k9G3Xy8
5845949	5845949_23153_0_0.cram.crai	5845949_23153_0_0.cram	project-G3Yj1vjJ6XG579jbKyjXPGGY:file-FybxBJ8Jxjvy7Jp68g0XVv4J	project-G3Yj1vjJ6XG579jbKyjXPGGY:file-FybxBXjJxjvyYGJZ3jyQ9qG8
5846025	5846025_23153_0_0.cram.crai	5846025_23153_0_0.cram	project-G3Yj1vjJ6XG579jbKyjXPGGY:file-FybyGYjJkFFBXXQZ3kp07GGF	project-G3Yj1vjJ6XG579jbKyjXPGGY:file-FybyGYjJkFFFPjGp3jKQy1jy
5846048	5846048_23153_0_0.cram.crai	5846048_23153_0_0.cram	project-G3Yj1vjJ6XG579jbKyjXPGGY:file-FyfqjVjJFYJ9g7P43kGQg4ZV	project-G3Yj1vjJ6XG579jbKyjXPGGY:file-FyfqjVjJFYJ032Bx4G68F9Xz
5846076	5846076_23153_0_0.cram.crai	5846076_23153_0_0.cram	project-G3Yj1vjJ6XG579jbKyjXPGGY:file-FybyZ80J743qJqj13pX3qQGB	project-G3Yj1vjJ6XG579jbKyjXPGGY:file-FybyZ8jJ743fQX8B3kyz0z12
5846097	5846097_23153_0_0.cram.crai	5846097_23153_0_0.cram	project-G3Yj1vjJ6XG579jbKyjXPGGY:file-FybyGQjJVb057v96P5VP7FQk	project-G3Yj1vjJ6XG579jbKyjXPGGY:file-FybyGVjJVb0KYGJZ3jyQB25K
5846115	5846115_23153_0_0.cram.crai	5846115_23153_0_0.cram	project-G3Yj1vjJ6XG579jbKyjXPGGY:file-FybxG4jJpF0FJqj13pX3q6zf	project-G3Yj1vjJ6XG579jbKyjXPGGY:file-FybxG5QJpF0G4jfV3jbZZ2xy
5846141	5846141_23153_0_0.cram.crai	5846141_23153_0_0.cram	project-G3Yj1vjJ6XG579jbKyjXPGGY:file-FybyYx0JKgVfbJq23kb8zzyg	project-G3Yj1vjJ6XG579jbKyjXPGGY:file-FybyYxjJKgVpff0VBBxFXyBv
5846188	5846188_23153_0_0.cram.crai	5846188_23153_0_0.cram	project-G3Yj1vjJ6XG579jbKyjXPGGY:file-FybxJ4jJq9XGJ1Bv3jzp08FK	project-G3Yj1vjJ6XG579jbKyjXPGGY:file-FybxJK0Jq9X0jz7g3jJVVQ4v
5846196	5846196_23153_0_0.cram.crai	5846196_23153_0_0.cram	project-G3Yj1vjJ6XG579jbKyjXPGGY:file-Fyf1ByQJPbF0jz7g3jJVX2bz	project-G3Yj1vjJ6XG579jbKyjXPGGY:file-Fyf1ByQJPbF9b4843jZpXZP2
5846224	5846224_23153_0_0.cram.crai	5846224_23153_0_0.cram	project-G3Yj1vjJ6XG579jbKyjXPGGY:file-FybxXz0Jxqgx9g6y3jJvf9Jk	project-G3Yj1vjJ6XG579jbKyjXPGGY:file-FybxXz0JxqgkPxkG3k8v64y3
5846238	5846238_23153_0_0.cram.crai	5846238_23153_0_0.cram	project-G3Yj1vjJ6XG579jbKyjXPGGY:file-FybyygjJxF3z6V3k3kzV1665	project-G3Yj1vjJ6XG579jbKyjXPGGY:file-Fybyyj0JxF3y7Jp68g0XXF0k
5846252	5846252_23153_0_0.cram.crai	5846252_23153_0_0.cram	project-G3Yj1vjJ6XG579jbKyjXPGGY:file-FybxkX0J7gVXQf4v3jQjkY9F	project-G3Yj1vjJ6XG579jbKyjXPGGY:file-FybxkXQJ7gVY6fz03jJVfB4Z
5846280	5846280_23153_0_0.cram.crai	5846280_23153_0_0.cram	project-G3Yj1vjJ6XG579jbKyjXPGGY:file-Fybz2g8J8qGpZkpz3kYVKFG9	project-G3Yj1vjJ6XG579jbKyjXPGGY:file-Fybz2j0J8qGyYGJZ3jyQB7p8
5846291	5846291_23153_0_0.cram.crai	5846291_23153_0_0.cram	project-G3Yj1vjJ6XG579jbKyjXPGGY:file-Fyf1xZjJ1f9bj06Y3jy24253	project-G3Yj1vjJ6XG579jbKyjXPGGY:file-Fyf1xbQJ1f9j8X51FVq6V4FP
5846304	5846304_23153_0_0.cram.crai	5846304_23153_0_0.cram	project-G3Yj1vjJ6XG579jbKyjXPGGY:file-Fyf48Y8JpP305xP83jXBKXbp	project-G3Yj1vjJ6XG579jbKyjXPGGY:file-Fyf48Z0JpP3005Q332gPZy7z
5846331	5846331_23153_0_0.cram.crai	5846331_23153_0_0.cram	project-G3Yj1vjJ6XG579jbKyjXPGGY:file-Fyf4Zz0JpyVY6fz03jJVg77f	project-G3Yj1vjJ6XG579jbKyjXPGGY:file-Fyf4Zz8JpyVk3V1V3jZGG5b8
5846347	5846347_23153_0_0.cram.crai	5846347_23153_0_0.cram	project-G3Yj1vjJ6XG579jbKyjXPGGY:file-FyfGybQJ37qJ4fZPF8P5X06b	project-G3Yj1vjJ6XG579jbKyjXPGGY:file-FyfGyf0J37q8zFQF3jG71v5v
5846350	5846350_23153_0_0.cram.crai	5846350_23153_0_0.cram	project-G3Yj1vjJ6XG579jbKyjXPGGY:file-FybxFk8J3xk0F8xJ3kB9458K	project-G3Yj1vjJ6XG579jbKyjXPGGY:file-FybxFkjJ3xkGJ1Bv3jzp07zz
5846382	5846382_23153_0_0.cram.crai	5846382_23153_0_0.cram	project-G3Yj1vjJ6XG579jbKyjXPGGY:file-Fybx1VjJg48x1vFb3k48g9GK	project-G3Yj1vjJ6XG579jbKyjXPGGY:file-Fybx1X0Jg48YfQVX3jFk036k
5846398	5846398_23153_0_0.cram.crai	5846398_23153_0_0.cram	project-G3Yj1vjJ6XG579jbKyjXPGGY:file-Fyf3v48Jf40K7Jp68g0XXz5j	project-G3Yj1vjJ6XG579jbKyjXPGGY:file-Fyf3v50Jf400yB833kVXBP02
5846406	5846406_23153_0_0.cram.crai	5846406_23153_0_0.cram	project-G3Yj1vjJ6XG579jbKyjXPGGY:file-Fyf43bjJGgb9b4843jZpXy5G	project-G3Yj1vjJ6XG579jbKyjXPGGY:file-Fyf43f8JGgb6X5613kgxJ5B6
5846421	5846421_23153_0_0.cram.crai	5846421_23153_0_0.cram	project-G3Yj1vjJ6XG579jbKyjXPGGY:file-FybxKq0J8qGvJ1Bv3jzp08Kg	project-G3Yj1vjJ6XG579jbKyjXPGGY:file-FybxK08J8qGkPxkG3k8v6427
5846433	5846433_23153_0_0.cram.crai	5846433_23153_0_0.cram	project-G3Yj1vjJ6XG579jbKyjXPGGY:file-Fybx25jJQqg8qy9P3j9QQ2Kp	project-G3Yj1vjJ6XG579jbKyjXPGGY:file-Fybx2J8JQqg958zV3kz19V77
5846470	5846470_23153_0_0.cram.crai	5846470_23153_0_0.cram	project-G3Yj1vjJ6XG579jbKyjXPGGY:file-Fybyqx8J14JFX08fG45vKJb8	project-G3Yj1vjJ6XG579jbKyjXPGGY:file-FybyvX0J14J1v92p3jFzgZ6z
5846485	5846485_23153_0_0.cram.crai	5846485_23153_0_0.cram	project-G3Yj1vjJ6XG579jbKyjXPGGY:file-FybyYfQJxqgY6fz03jJVfPf0	project-G3Yj1vjJ6XG579jbKyjXPGGY:file-FybyYfQJxqgQF8xJ3kB94J3F
5846551	5846551_23153_0_0.cram.crai	5846551_23153_0_0.cram	project-G3Yj1vjJ6XG579jbKyjXPGGY:file-Fyby8y8J7QYGXqY33k9G3YkF	project-G3Yj1vjJ6XG579jbKyjXPGGY:file-Fyby8zQJ7QYKgz4q3jyq4V6V
5846566	5846566_23153_0_0.cram.crai	5846566_23153_0_0.cram	project-G3Yj1vjJ6XG579jbKyjXPGGY:file-Fyby8PQJxV4FJqj13pX3qJVV	project-G3Yj1vjJ6XG579jbKyjXPGGY:file-Fyby8bjJxV464Zg33jJkfyyy
5846579	5846579_23153_0_0.cram.crai	5846579_23153_0_0.cram	project-G3Yj1vjJ6XG579jbKyjXPGGY:file-FybyyF0J6b93y9vZ3kP6k0F8	project-G3Yj1vjJ6XG579jbKyjXPGGY:file-FybyyF0J6b95VfK43k0bF7YK
5846611	5846611_23153_0_0.cram.crai	5846611_23153_0_0.cram	project-G3Yj1vjJ6XG579jbKyjXPGGY:file-FybyB78JQ4bK7Jp68g0XX2g5	project-G3Yj1vjJ6XG579jbKyjXPGGY:file-FybyB78JQ4bGXqY33k9G3Z3K
5846636	5846636_23153_0_0.cram.crai	5846636_23153_0_0.cram	project-G3Yj1vjJ6XG579jbKyjXPGGY:file-Fybx4Q8J743x1vFb3k48g9g6	project-G3Yj1vjJ6XG579jbKyjXPGGY:file-Fybx4V0J743kXYqQ3jxxK5Jq
5846667	5846667_23153_0_0.cram.crai	5846667_23153_0_0.cram	project-G3Yj1vjJ6XG579jbKyjXPGGY:file-FybxPy8Jk0p1v92p3jFzgBg6	project-G3Yj1vjJ6XG579jbKyjXPGGY:file-FybxPzjJk0p83pf33jvJv6Kg
5846689	5846689_23153_0_0.cram.crai	5846689_23153_0_0.cram	project-G3Yj1vjJ6XG579jbKyjXPGGY:file-FybxyK8J2X9958zV3kz19fZx	project-G3Yj1vjJ6XG579jbKyjXPGGY:file-FybxyQ0J2X9PzFk0PvKKKG48
5846701	5846701_23153_0_0.cram.crai	5846701_23153_0_0.cram	project-G3Yj1vjJ6XG579jbKyjXPGGY:file-Fybvp9jJFfkkb4843jZpVvPB	project-G3Yj1vjJ6XG579jbKyjXPGGY:file-Fybvp9jJFfkz6V3k3kzV0Z4K
5846719	5846719_23153_0_0.cram.crai	5846719_23153_0_0.cram	project-G3Yj1vjJ6XG579jbKyjXPGGY:file-Fyby8P0JG5QbVfK43k0bF2gj	project-G3Yj1vjJ6XG579jbKyjXPGGY:file-Fyby8P0JG5Qx9g6y3jJvfK76
5846726	5846726_23153_0_0.cram.crai	5846726_23153_0_0.cram	project-G3Yj1vjJ6XG579jbKyjXPGGY:file-FybyPJ8JpgKBPb85K6yGzvKK	project-G3Yj1vjJ6XG579jbKyjXPGGY:file-FybyPZ0JpgK83pf33jvJvGp0
5846755	5846755_23153_0_0.cram.crai	5846755_23153_0_0.cram	project-G3Yj1vjJ6XG579jbKyjXPGGY:file-FybyqK0J8fpGfQGY3jj1fb8v	project-G3Yj1vjJ6XG579jbKyjXPGGY:file-FybyqK8J8fp0jz7g3jJVVkK7
5846760	5846760_23153_0_0.cram.crai	5846760_23153_0_0.cram	project-G3Yj1vjJ6XG579jbKyjXPGGY:file-Fybz2K0JkbQkPxkG3k8v6Y40	project-G3Yj1vjJ6XG579jbKyjXPGGY:file-Fybz2KQJkbQYfQVX3jFk0VbP
5846787	5846787_23153_0_0.cram.crai	5846787_23153_0_0.cram	project-G3Yj1vjJ6XG579jbKyjXPGGY:file-Fyf0bKQJKz9zzFk0PvKKKjBk	project-G3Yj1vjJ6XG579jbKyjXPGGY:file-Fyf0bKQJKz9pZkpz3kYVKP5V
5846810	5846810_23153_0_0.cram.crai	5846810_23153_0_0.cram	project-G3Yj1vjJ6XG579jbKyjXPGGY:file-Fyf49ZQJG5kfbJq23kb9111z	project-G3Yj1vjJ6XG579jbKyjXPGGY:file-Fyf49b0JG5kXKg6V3jYvvzzp
5846828	5846828_23153_0_0.cram.crai	5846828_23153_0_0.cram	project-G3Yj1vjJ6XG579jbKyjXPGGY:file-FybxYpjJ21pk65763jfjyk70	project-G3Yj1vjJ6XG579jbKyjXPGGY:file-FybxYq0J21pf4Zg33jJkfpgf
5846835	5846835_23153_0_0.cram.crai	5846835_23153_0_0.cram	project-G3Yj1vjJ6XG579jbKyjXPGGY:file-Fybz550JYVJVJx4y3kq3y8BB	project-G3Yj1vjJ6XG579jbKyjXPGGY:file-Fybz55jJYVJYy25J9XJb5bbZ
5846856	5846856_23153_0_0.cram.crai	5846856_23153_0_0.cram	project-G3Yj1vjJ6XG579jbKyjXPGGY:file-Fyby1vjJv2VjzFQF3jG6zPJ4	project-G3Yj1vjJ6XG579jbKyjXPGGY:file-Fyby1vjJv2VpZkpz3kYVK2fx
5846872	5846872_23153_0_0.cram.crai	5846872_23153_0_0.cram	project-G3Yj1vjJ6XG579jbKyjXPGGY:file-Fybxfp8JvjpX86YP7ZVP4X5B	project-G3Yj1vjJ6XG579jbKyjXPGGY:file-FybxfpjJvjpy7Jp68g0XVyFk
5846883	5846883_23153_0_0.cram.crai	5846883_23153_0_0.cram	project-G3Yj1vjJ6XG579jbKyjXPGGY:file-Fyf43v0JGVB65Yx53k17G1VV	project-G3Yj1vjJ6XG579jbKyjXPGGY:file-Fyf43vjJGVB005Q332gPZx6x
5846899	5846899_23153_0_0.cram.crai	5846899_23153_0_0.cram	project-G3Yj1vjJ6XG579jbKyjXPGGY:file-Fybz2f0J6b92Kg6V3jYvv2yg	project-G3Yj1vjJ6XG579jbKyjXPGGY:file-Fybz2g0J6b957v96P5VP7QG8
5846908	5846908_23153_0_0.cram.crai	5846908_23153_0_0.cram	project-G3Yj1vjJ6XG579jbKyjXPGGY:file-FybxPP8J7gVqPjGp3jKQxqbV	project-G3Yj1vjJ6XG579jbKyjXPGGY:file-FybxPQQJ7gVbxXGv3jPxx051
5846914	5846914_23153_0_0.cram.crai	5846914_23153_0_0.cram	project-G3Yj1vjJ6XG579jbKyjXPGGY:file-Fybvy0jJXkB3y9vZ3kP6jZ24	project-G3Yj1vjJ6XG579jbKyjXPGGY:file-Fybvy0jJXkBK7Jp68g0XVpFz
5846940	5846940_23153_0_0.cram.crai	5846940_23153_0_0.cram	project-G3Yj1vjJ6XG579jbKyjXPGGY:file-Fybzp08J6612Kg6V3jYvv6pB	project-G3Yj1vjJ6XG579jbKyjXPGGY:file-Fybzp0QJ661FX08fG45vKZ7g
5846953	5846953_23153_0_0.cram.crai	5846953_23153_0_0.cram	project-G3Yj1vjJ6XG579jbKyjXPGGY:file-Fyf4318JvPJpyB9v3jV398kF	project-G3Yj1vjJ6XG579jbKyjXPGGY:file-Fyf4318JvPJpZkpz3kYVP4JQ
5847029	5847029_23153_0_0.cram.crai	5847029_23153_0_0.cram	project-G3Yj1vjJ6XG579jbKyjXPGGY:file-Fyby480Jq8QGJ1Bv3jzp0Gk1	project-G3Yj1vjJ6XG579jbKyjXPGGY:file-Fyby480Jq8QKgz4q3jyq4Q82
5847031	5847031_23153_0_0.cram.crai	5847031_23153_0_0.cram	project-G3Yj1vjJ6XG579jbKyjXPGGY:file-FybyyZQJBKbjqy9P3j9QQKXY	project-G3Yj1vjJ6XG579jbKyjXPGGY:file-Fybyyf0JBKbbVfK43k0bF7gJ
5847047	5847047_23153_0_0.cram.crai	5847047_23153_0_0.cram	project-G3Yj1vjJ6XG579jbKyjXPGGY:file-FybxPZ8JXxfBPb85K6yGzf3g	project-G3Yj1vjJ6XG579jbKyjXPGGY:file-FybxPZQJXxf9b4843jZpX002
5847101	5847101_23153_0_0.cram.crai	5847101_23153_0_0.cram	project-G3Yj1vjJ6XG579jbKyjXPGGY:file-Fyf47v8J1v3vXqY33k9G4G7B	project-G3Yj1vjJ6XG579jbKyjXPGGY:file-Fyf47vjJ1v3k3V1V3jZGG1gv
5847119	5847119_23153_0_0.cram.crai	5847119_23153_0_0.cram	project-G3Yj1vjJ6XG579jbKyjXPGGY:file-FybyqPQJXxf286YP7ZVP4pF5	project-G3Yj1vjJ6XG579jbKyjXPGGY:file-FybyqPjJXxfPzFk0PvKKKXjp
5847126	5847126_23153_0_0.cram.crai	5847126_23153_0_0.cram	project-G3Yj1vjJ6XG579jbKyjXPGGY:file-Fybz860Jq8Q9g7P43kGQXbzz	project-G3Yj1vjJ6XG579jbKyjXPGGY:file-Fybz86QJq8Q88X51FVq6QxyP
5847155	5847155_23153_0_0.cram.crai	5847155_23153_0_0.cram	project-G3Yj1vjJ6XG579jbKyjXPGGY:file-Fybz00jJy2F0zQ6f737bXgqg	project-G3Yj1vjJ6XG579jbKyjXPGGY:file-Fybz060Jy2F9PxkG3k8v6KkQ
5847160	5847160_23153_0_0.cram.crai	5847160_23153_0_0.cram	project-G3Yj1vjJ6XG579jbKyjXPGGY:file-FybyGZ8J29957v96P5VP7FXX	project-G3Yj1vjJ6XG579jbKyjXPGGY:file-FybyGZQJ2996X5613kgxGJJ6
5847193	5847193_23153_0_0.cram.crai	5847193_23153_0_0.cram	project-G3Yj1vjJ6XG579jbKyjXPGGY:file-Fybx81QJ14JFPjGp3jKQxpKJ	project-G3Yj1vjJ6XG579jbKyjXPGGY:file-Fybx7vQJ14J8qy9P3j9QQ373
5847218	5847218_23153_0_0.cram.crai	5847218_23153_0_0.cram	project-G3Yj1vjJ6XG579jbKyjXPGGY:file-Fybx178JGGV3y9vZ3kP6jZQP	project-G3Yj1vjJ6XG579jbKyjXPGGY:file-Fybx17jJGGVKgz4q3jyq49F5
5847266	5847266_23153_0_0.cram.crai	5847266_23153_0_0.cram	project-G3Yj1vjJ6XG579jbKyjXPGGY:file-FybxxqjJJjXByB9v3jV38VXJ	project-G3Yj1vjJ6XG579jbKyjXPGGY:file-Fybxxv0JJjX0zQ6f737bXQ7f
5847325	5847325_23153_0_0.cram.crai	5847325_23153_0_0.cram	project-G3Yj1vjJ6XG579jbKyjXPGGY:file-Fyf3p5QJz9xQyB833kVXBKXF	project-G3Yj1vjJ6XG579jbKyjXPGGY:file-Fyf3p60Jz9xXQf4v3jQjpB24
5847348	5847348_23153_0_0.cram.crai	5847348_23153_0_0.cram	project-G3Yj1vjJ6XG579jbKyjXPGGY:file-Fyf1XgQJ44xXQf4v3jQjp3JF	project-G3Yj1vjJ6XG579jbKyjXPGGY:file-Fyf1Xj0J44xzgyZ03jF79fQ3
5847369	5847369_23153_0_0.cram.crai	5847369_23153_0_0.cram	project-G3Yj1vjJ6XG579jbKyjXPGGY:file-Fybyq20JbPpVv92p3jFzgYz7	project-G3Yj1vjJ6XG579jbKyjXPGGY:file-Fybyq2jJbPpxQqfk3jJYVkP6
5847381	5847381_23153_0_0.cram.crai	5847381_23153_0_0.cram	project-G3Yj1vjJ6XG579jbKyjXPGGY:file-Fyf3j78J7YXXKg6V3jYvvgYY	project-G3Yj1vjJ6XG579jbKyjXPGGY:file-Fyf3j7QJ7YXpPb85K6yJ0Vyg
5847397	5847397_23153_0_0.cram.crai	5847397_23153_0_0.cram	project-G3Yj1vjJ6XG579jbKyjXPGGY:file-Fybz57QJFqvpPb85K6yJ01pF	project-G3Yj1vjJ6XG579jbKyjXPGGY:file-Fybz57jJFqvf5Yx53k17FJQv
5847422	5847422_23153_0_0.cram.crai	5847422_23153_0_0.cram	project-G3Yj1vjJ6XG579jbKyjXPGGY:file-FybyQG8Jxqgj3pf33jvJvJ1P	project-G3Yj1vjJ6XG579jbKyjXPGGY:file-FybyQGjJxqgv4jfV3jbZZBQ1
5847436	5847436_23153_0_0.cram.crai	5847436_23153_0_0.cram	project-G3Yj1vjJ6XG579jbKyjXPGGY:file-FyfqpP0JFYJ6X5613kgxVJ9F	project-G3Yj1vjJ6XG579jbKyjXPGGY:file-FyfqpPQJFYJ6Bb0PJpBJJBFK
5847445	5847445_23153_0_0.cram.crai	5847445_23153_0_0.cram	project-G3Yj1vjJ6XG579jbKyjXPGGY:file-Fybx8x8JBY6f5Yx53k17F1VJ	project-G3Yj1vjJ6XG579jbKyjXPGGY:file-Fybx8xjJBY6Vv92p3jFzg9V6
5847489	5847489_23153_0_0.cram.crai	5847489_23153_0_0.cram	project-G3Yj1vjJ6XG579jbKyjXPGGY:file-Fybx5J8JpF0Kxx324vBY0fjk	project-G3Yj1vjJ6XG579jbKyjXPGGY:file-Fybx5Z0JpF08qy9P3j9QQ30X
5847538	5847538_23153_0_0.cram.crai	5847538_23153_0_0.cram	project-G3Yj1vjJ6XG579jbKyjXPGGY:file-FybyGJjJk0pFJqj13pX3qKGF	project-G3Yj1vjJ6XG579jbKyjXPGGY:file-FybyGJjJk0pG4jfV3jbZZ9ZP
5847552	5847552_23153_0_0.cram.crai	5847552_23153_0_0.cram	project-G3Yj1vjJ6XG579jbKyjXPGGY:file-Fybxjy8JjQXVv92p3jFzgGQV	project-G3Yj1vjJ6XG579jbKyjXPGGY:file-FybxjxjJjQXQF8xJ3kB947g4
5847591	5847591_23153_0_0.cram.crai	5847591_23153_0_0.cram	project-G3Yj1vjJ6XG579jbKyjXPGGY:file-FybxFY0J06G9b4843jZpVz90	project-G3Yj1vjJ6XG579jbKyjXPGGY:file-FybxFZ8J06GJ1vFb3k48gFb7
5847621	5847621_23153_0_0.cram.crai	5847621_23153_0_0.cram	project-G3Yj1vjJ6XG579jbKyjXPGGY:file-Fybxy9jJvjpbxXGv3jPxx3qQ	project-G3Yj1vjJ6XG579jbKyjXPGGY:file-FybxyB8Jvjpf4Zg33jJkfvx1
5847633	5847633_23153_0_0.cram.crai	5847633_23153_0_0.cram	project-G3Yj1vjJ6XG579jbKyjXPGGY:file-FybxPGjJzBxqX08fG45vK49Q	project-G3Yj1vjJ6XG579jbKyjXPGGY:file-FybxPK8JzBxj8X51FVq6QKfF
5847649	5847649_23153_0_0.cram.crai	5847649_23153_0_0.cram	project-G3Yj1vjJ6XG579jbKyjXPGGY:file-FybxB08Jv7Pv4jfV3jbZZ2YJ	project-G3Yj1vjJ6XG579jbKyjXPGGY:file-FybxB0QJv7PgqjfP3kgKPKFj
5847668	5847668_23153_0_0.cram.crai	5847668_23153_0_0.cram	project-G3Yj1vjJ6XG579jbKyjXPGGY:file-Fyf4vq8J9vGX86YP7ZVP5zK1	project-G3Yj1vjJ6XG579jbKyjXPGGY:file-Fyf4vx0J9vGZKyx1B99VGxBx
5847670	5847670_23153_0_0.cram.crai	5847670_23153_0_0.cram	project-G3Yj1vjJ6XG579jbKyjXPGGY:file-Fyf512QJZZXYy9vZ3kP6kzjY	project-G3Yj1vjJ6XG579jbKyjXPGGY:file-Fyf512QJZZXYy25J9XJb6PV2
5847702	5847702_23153_0_0.cram.crai	5847702_23153_0_0.cram	project-G3Yj1vjJ6XG579jbKyjXPGGY:file-Fybxg08JxV4Kgz4q3jyq4J48	project-G3Yj1vjJ6XG579jbKyjXPGGY:file-Fybxg10JxV4Kxx324vBY0kx5
5847741	5847741_23153_0_0.cram.crai	5847741_23153_0_0.cram	project-G3Yj1vjJ6XG579jbKyjXPGGY:file-Fybx4yjJKy1Kgz4q3jyq49x0	project-G3Yj1vjJ6XG579jbKyjXPGGY:file-Fybx4zQJKy12Qf4v3jQjkPVV
5847759	5847759_23153_0_0.cram.crai	5847759_23153_0_0.cram	project-G3Yj1vjJ6XG579jbKyjXPGGY:file-FybxfvQJb772Qf4v3jQjkXj6	project-G3Yj1vjJ6XG579jbKyjXPGGY:file-FybxfvQJb7705xP83jXBJYGq
5847788	5847788_23153_0_0.cram.crai	5847788_23153_0_0.cram	project-G3Yj1vjJ6XG579jbKyjXPGGY:file-FybyFyjJQ4bPzFk0PvKKKKjJ	project-G3Yj1vjJ6XG579jbKyjXPGGY:file-FybyG5QJQ4b286YP7ZVP4fjY
5847827	5847827_23153_0_0.cram.crai	5847827_23153_0_0.cram	project-G3Yj1vjJ6XG579jbKyjXPGGY:file-FybvXK0J3xkBZkpz3kYVJpBk	project-G3Yj1vjJ6XG579jbKyjXPGGY:file-FybvXKjJ3xk0F8xJ3kB941Vp
5847840	5847840_23153_0_0.cram.crai	5847840_23153_0_0.cram	project-G3Yj1vjJ6XG579jbKyjXPGGY:file-Fybxq48J2889PxkG3k8v66pZ	project-G3Yj1vjJ6XG579jbKyjXPGGY:file-Fybxq4QJ288GXqY33k9G3Qxy
5847871	5847871_23153_0_0.cram.crai	5847871_23153_0_0.cram	project-G3Yj1vjJ6XG579jbKyjXPGGY:file-Fybvk30JY22Y6fz03jJVbpPb	project-G3Yj1vjJ6XG579jbKyjXPGGY:file-Fybvk5QJY22qJqj13pX3q423
5847886	5847886_23153_0_0.cram.crai	5847886_23153_0_0.cram	project-G3Yj1vjJ6XG579jbKyjXPGGY:file-Fybx7v8Jj9zk3V1V3jZGBx3v	project-G3Yj1vjJ6XG579jbKyjXPGGY:file-Fybx7z8Jj9zpPb85K6yGzZpf
5847910	5847910_23153_0_0.cram.crai	5847910_23153_0_0.cram	project-G3Yj1vjJ6XG579jbKyjXPGGY:file-Fyby5BQJ473Kxx324vBY0x6k	project-G3Yj1vjJ6XG579jbKyjXPGGY:file-Fyby5BQJ47384gBb3kQYGf1Z
5847928	5847928_23153_0_0.cram.crai	5847928_23153_0_0.cram	project-G3Yj1vjJ6XG579jbKyjXPGGY:file-FybyY08JJjX64Zg33jJkg129	project-G3Yj1vjJ6XG579jbKyjXPGGY:file-FybyXk0JJjX0ZfJQ3kvV7kpq
5847944	5847944_23153_0_0.cram.crai	5847944_23153_0_0.cram	project-G3Yj1vjJ6XG579jbKyjXPGGY:file-Fybz178JxV6pXXQZ3kp07V6F	project-G3Yj1vjJ6XG579jbKyjXPGGY:file-Fybz1J8JxV6kg7P43kGQXZpP
5847983	5847983_23153_0_0.cram.crai	5847983_23153_0_0.cram	project-G3Yj1vjJ6XG579jbKyjXPGGY:file-Fyf3pqjJ9Pfy7Jp68g0XXyxX	project-G3Yj1vjJ6XG579jbKyjXPGGY:file-Fyf3pqjJ9PfkPxkG3k8v7271
5847999	5847999_23153_0_0.cram.crai	5847999_23153_0_0.cram	project-G3Yj1vjJ6XG579jbKyjXPGGY:file-FybxPgjJXxf958zV3kz19Y9J	project-G3Yj1vjJ6XG579jbKyjXPGGY:file-FybxPgjJXxf5VfK43k0bBxXY
5848042	5848042_23153_0_0.cram.crai	5848042_23153_0_0.cram	project-G3Yj1vjJ6XG579jbKyjXPGGY:file-Fyf4yg8J9vGQ05Q332gPb3b7	project-G3Yj1vjJ6XG579jbKyjXPGGY:file-Fyf4yg8J9vGx9g6y3jJvgfZ6
5848055	5848055_23153_0_0.cram.crai	5848055_23153_0_0.cram	project-G3Yj1vjJ6XG579jbKyjXPGGY:file-FybygVjJFYfvfQGY3jj1fZFP	project-G3Yj1vjJ6XG579jbKyjXPGGY:file-FybygY0JFYfbVfK43k0bF5kb
5848060	5848060_23153_0_0.cram.crai	5848060_23153_0_0.cram	project-G3Yj1vjJ6XG579jbKyjXPGGY:file-Fyf4Y70J9vGp2P0F3P9JY54K	project-G3Yj1vjJ6XG579jbKyjXPGGY:file-Fyf4Y90J9vGpXXQZ3kp08F5p
5848078	5848078_23153_0_0.cram.crai	5848078_23153_0_0.cram	project-G3Yj1vjJ6XG579jbKyjXPGGY:file-Fybx4v8J6B5pXXQZ3kp074jy	project-G3Yj1vjJ6XG579jbKyjXPGGY:file-Fybx4vjJ6B5pyB9v3jV38Fy7
5848087	5848087_23153_0_0.cram.crai	5848087_23153_0_0.cram	project-G3Yj1vjJ6XG579jbKyjXPGGY:file-Fybz6GQJ5ZGj4gBb3kQYGxKQ	project-G3Yj1vjJ6XG579jbKyjXPGGY:file-Fybz6GjJ5ZGXKg6V3jYvv5J8
5848093	5848093_23153_0_0.cram.crai	5848093_23153_0_0.cram	project-G3Yj1vjJ6XG579jbKyjXPGGY:file-Fyf4bBQJXpKQZfJQ3kvV8QYV	project-G3Yj1vjJ6XG579jbKyjXPGGY:file-Fyf4bF0JXpKQjz7g3jJVXfkf
5848104	5848104_23153_0_0.cram.crai	5848104_23153_0_0.cram	project-G3Yj1vjJ6XG579jbKyjXPGGY:file-Fyf13j8JKz9Y6fz03jJVfgX6	project-G3Yj1vjJ6XG579jbKyjXPGGY:file-Fyf13jjJKz9k3V1V3jZGFVzJ
5848116	5848116_23153_0_0.cram.crai	5848116_23153_0_0.cram	project-G3Yj1vjJ6XG579jbKyjXPGGY:file-FybxKBjJ29957v96P5VP759Z	project-G3Yj1vjJ6XG579jbKyjXPGGY:file-FybxJk8J299G9ky93jF7Y5J0
5848182	5848182_23153_0_0.cram.crai	5848182_23153_0_0.cram	project-G3Yj1vjJ6XG579jbKyjXPGGY:file-Fyf4XPQJQ3Yf5Yx53k17G59B	project-G3Yj1vjJ6XG579jbKyjXPGGY:file-Fyf4XQjJQ3YvXqY33k9G4P11
5848225	5848225_23153_0_0.cram.crai	5848225_23153_0_0.cram	project-G3Yj1vjJ6XG579jbKyjXPGGY:file-Fyby5vQJv2VpZkpz3kYVK3PX	project-G3Yj1vjJ6XG579jbKyjXPGGY:file-Fyby5x0Jv2Vx1vFb3k48gV1B
5848232	5848232_23153_0_0.cram.crai	5848232_23153_0_0.cram	project-G3Yj1vjJ6XG579jbKyjXPGGY:file-FybxgK0J2bqp2P0F3P9JVf5x	project-G3Yj1vjJ6XG579jbKyjXPGGY:file-FybxgPQJ2bqxJ1YV3jzqYvxy
5848276	5848276_23153_0_0.cram.crai	5848276_23153_0_0.cram	project-G3Yj1vjJ6XG579jbKyjXPGGY:file-Fyf446QJf400F8xJ3kB952GZ	project-G3Yj1vjJ6XG579jbKyjXPGGY:file-Fyf4478Jf40K7Jp68g0XY0vZ
5848297	5848297_23153_0_0.cram.crai	5848297_23153_0_0.cram	project-G3Yj1vjJ6XG579jbKyjXPGGY:file-Fybxfq0J3xkPzFk0PvKKK9jK	project-G3Yj1vjJ6XG579jbKyjXPGGY:file-FybxfqQJ3xk6X5613kgxG8ZZ
5848305	5848305_23153_0_0.cram.crai	5848305_23153_0_0.cram	project-G3Yj1vjJ6XG579jbKyjXPGGY:file-Fybyz2jJ36PPgyZ03jF79Gy2	project-G3Yj1vjJ6XG579jbKyjXPGGY:file-Fybyz2QJ36P0jKFZ3jf5Qfv8
5848351	5848351_23153_0_0.cram.crai	5848351_23153_0_0.cram	project-G3Yj1vjJ6XG579jbKyjXPGGY:file-Fybx1V8JFYfp2P0F3P9JVXJB	project-G3Yj1vjJ6XG579jbKyjXPGGY:file-Fybx1VQJFYfz6V3k3kzV0bFb
5848392	5848392_23153_0_0.cram.crai	5848392_23153_0_0.cram	project-G3Yj1vjJ6XG579jbKyjXPGGY:file-Fyf3gz8Jpg1pXXQZ3kp0805J	project-G3Yj1vjJ6XG579jbKyjXPGGY:file-Fyf3gz8Jpg1jzFQF3jG703VZ
5848408	5848408_23153_0_0.cram.crai	5848408_23153_0_0.cram	project-G3Yj1vjJ6XG579jbKyjXPGGY:file-FybxfZ0Jj9kyYGJZ3jyQ9xPz	project-G3Yj1vjJ6XG579jbKyjXPGGY:file-FybxfZ8Jj9kQZfJQ3kvV7Yxj
5848427	5848427_23153_0_0.cram.crai	5848427_23153_0_0.cram	project-G3Yj1vjJ6XG579jbKyjXPGGY:file-Fybx0kQJ2vgXQf4v3jQjkKfb	project-G3Yj1vjJ6XG579jbKyjXPGGY:file-Fybx0p0J2vgfX5613kgxG4jp
5848439	5848439_23153_0_0.cram.crai	5848439_23153_0_0.cram	project-G3Yj1vjJ6XG579jbKyjXPGGY:file-Fybx578JxQ0fbJq23kb8zby4	project-G3Yj1vjJ6XG579jbKyjXPGGY:file-Fybx57QJxQ0qJqj13pX3q60Y
5848440	5848440_23153_0_0.cram.crai	5848440_23153_0_0.cram	project-G3Yj1vjJ6XG579jbKyjXPGGY:file-Fyf4VgjJ0Z96bJq23kb913b7	project-G3Yj1vjJ6XG579jbKyjXPGGY:file-Fyf4Vj8J0Z95VfK43k0bFyqx
5848521	5848521_23153_0_0.cram.crai	5848521_23153_0_0.cram	project-G3Yj1vjJ6XG579jbKyjXPGGY:file-Fybyyv8J68GKgz4q3jyq4bfy	project-G3Yj1vjJ6XG579jbKyjXPGGY:file-Fybyyv8J68GPzFk0PvKKKYY3
5848533	5848533_23153_0_0.cram.crai	5848533_23153_0_0.cram	project-G3Yj1vjJ6XG579jbKyjXPGGY:file-Fyf0yjQJj9QgJ5pq6gy77XX8	project-G3Yj1vjJ6XG579jbKyjXPGGY:file-Fyf0yk0Jj9QQjKFZ3jf5V007
5848549	5848549_23153_0_0.cram.crai	5848549_23153_0_0.cram	project-G3Yj1vjJ6XG579jbKyjXPGGY:file-Fyby0X8Jp3f1Jx4y3kq3xyZq	project-G3Yj1vjJ6XG579jbKyjXPGGY:file-Fyby0q0Jp3fFPjGp3jKQxz95
5848568	5848568_23153_0_0.cram.crai	5848568_23153_0_0.cram	project-G3Yj1vjJ6XG579jbKyjXPGGY:file-FybvpZjJzBxvXqY33k9G3F38	project-G3Yj1vjJ6XG579jbKyjXPGGY:file-FybvpZjJzBxY6fz03jJVbpjk
5848570	5848570_23153_0_0.cram.crai	5848570_23153_0_0.cram	project-G3Yj1vjJ6XG579jbKyjXPGGY:file-FybyqfjJkB69PxkG3k8v6Jf8	project-G3Yj1vjJ6XG579jbKyjXPGGY:file-FybyqfjJkB63y9vZ3kP6jzqx
5848617	5848617_23153_0_0.cram.crai	5848617_23153_0_0.cram	project-G3Yj1vjJ6XG579jbKyjXPGGY:file-FygQvX8JKJZfx8k32kpQYFbx	project-G3Yj1vjJ6XG579jbKyjXPGGY:file-FygQvY8JKJZXGy1v1PyBGzfK
5848638	5848638_23153_0_0.cram.crai	5848638_23153_0_0.cram	project-G3Yj1vjJ6XG579jbKyjXPGGY:file-Fyby578JxF3kg7P43kGQXKZK	project-G3Yj1vjJ6XG579jbKyjXPGGY:file-Fyby578JxF3x9g6y3jJvfJYX
5848646	5848646_23153_0_0.cram.crai	5848646_23153_0_0.cram	project-G3Yj1vjJ6XG579jbKyjXPGGY:file-FybxxY0Jfjz6QX8B3kyz0p77	project-G3Yj1vjJ6XG579jbKyjXPGGY:file-Fybxxf8Jfjz0F8xJ3kB948fj
5848652	5848652_23153_0_0.cram.crai	5848652_23153_0_0.cram	project-G3Yj1vjJ6XG579jbKyjXPGGY:file-FybyQqjJbPpQF8xJ3kB94GVJ	project-G3Yj1vjJ6XG579jbKyjXPGGY:file-FybyQvQJbPpj3pf33jvJvJ6Q
5848710	5848710_23153_0_0.cram.crai	5848710_23153_0_0.cram	project-G3Yj1vjJ6XG579jbKyjXPGGY:file-Fyby9j8JG5QYy25J9XJb5P9Z	project-G3Yj1vjJ6XG579jbKyjXPGGY:file-Fyby9jjJG5Qk65763jfjyxv0
5848761	5848761_23153_0_0.cram.crai	5848761_23153_0_0.cram	project-G3Yj1vjJ6XG579jbKyjXPGGY:file-Fyf16z8Jj9Qkb4843jZpXZ2P	project-G3Yj1vjJ6XG579jbKyjXPGGY:file-Fyf16zjJj9QQyB833kVXB4VF
5848845	5848845_23153_0_0.cram.crai	5848845_23153_0_0.cram	project-G3Yj1vjJ6XG579jbKyjXPGGY:file-Fybx4Z0JB60v4jfV3jbZZ1fb	project-G3Yj1vjJ6XG579jbKyjXPGGY:file-Fybx4ZjJB60qX08fG45vK2Qk
5848858	5848858_23153_0_0.cram.crai	5848858_23153_0_0.cram	project-G3Yj1vjJ6XG579jbKyjXPGGY:file-Fyf1FVjJ1f9zzFk0PvKKKpPb	project-G3Yj1vjJ6XG579jbKyjXPGGY:file-Fyf1FV8J1f9bVfK43k0bFQXX
5848923	5848923_23153_0_0.cram.crai	5848923_23153_0_0.cram	project-G3Yj1vjJ6XG579jbKyjXPGGY:file-FybxY9jJ06zKYGJZ3jyQ9vp2	project-G3Yj1vjJ6XG579jbKyjXPGGY:file-FybxYBQJ06z0jKFZ3jf5QJJJ
5848930	5848930_23153_0_0.cram.crai	5848930_23153_0_0.cram	project-G3Yj1vjJ6XG579jbKyjXPGGY:file-Fyby4B0JkbQpyB9v3jV38Xgz	project-G3Yj1vjJ6XG579jbKyjXPGGY:file-Fyby4B0JkbQk65763jfjyvY9
5848941	5848941_23153_0_0.cram.crai	5848941_23153_0_0.cram	project-G3Yj1vjJ6XG579jbKyjXPGGY:file-FybygG8JFfkQjz7g3jJVVjPX	project-G3Yj1vjJ6XG579jbKyjXPGGY:file-FybygGjJFfkj8X51FVq6Qg7z
5848959	5848959_23153_0_0.cram.crai	5848959_23153_0_0.cram	project-G3Yj1vjJ6XG579jbKyjXPGGY:file-FybvjbjJxQzk3V1V3jZGBpv8	project-G3Yj1vjJ6XG579jbKyjXPGGY:file-FybvjfjJxQzQjKFZ3jf5Q8zq
5848977	5848977_23153_0_0.cram.crai	5848977_23153_0_0.cram	project-G3Yj1vjJ6XG579jbKyjXPGGY:file-Fybx8Z8J18Xj3pf33jvJv4Jk	project-G3Yj1vjJ6XG579jbKyjXPGGY:file-Fybx8b0J18Xj8X51FVq6QJg4
5849008	5849008_23153_0_0.cram.crai	5849008_23153_0_0.cram	project-G3Yj1vjJ6XG579jbKyjXPGGY:file-Fyf4X3jJ9V0x9g6y3jJvgYY2	project-G3Yj1vjJ6XG579jbKyjXPGGY:file-Fyf4X4jJ9V0f5Yx53k17G575
5849062	5849062_23153_0_0.cram.crai	5849062_23153_0_0.cram	project-G3Yj1vjJ6XG579jbKyjXPGGY:file-FybykyQJxQzfX5613kgxGX5q	project-G3Yj1vjJ6XG579jbKyjXPGGY:file-Fybyp0QJxQzvfQGY3jj1fZkf
5849086	5849086_23153_0_0.cram.crai	5849086_23153_0_0.cram	project-G3Yj1vjJ6XG579jbKyjXPGGY:file-FybyFf0Jp3f0jKFZ3jf5QXYY	project-G3Yj1vjJ6XG579jbKyjXPGGY:file-FybyFfQJp3fJ9g6y3jJvfKqv
5849146	5849146_23153_0_0.cram.crai	5849146_23153_0_0.cram	project-G3Yj1vjJ6XG579jbKyjXPGGY:file-Fyf1Y00JXpkpyB9v3jV390Fq	project-G3Yj1vjJ6XG579jbKyjXPGGY:file-Fyf1Y00JXpky32Fv3jjxk6Yf
5849152	5849152_23153_0_0.cram.crai	5849152_23153_0_0.cram	project-G3Yj1vjJ6XG579jbKyjXPGGY:file-FybxXy0JZxbP6V3k3kzV0j73	project-G3Yj1vjJ6XG579jbKyjXPGGY:file-FybxXy0JZxb1Jx4y3kq3xppK
5849175	5849175_23153_0_0.cram.crai	5849175_23153_0_0.cram	project-G3Yj1vjJ6XG579jbKyjXPGGY:file-Fyf537QJ0Z9BZkpz3kYVPG1v	project-G3Yj1vjJ6XG579jbKyjXPGGY:file-Fyf53B0J0Z9K32Fv3jjxkjF2
5849180	5849180_23153_0_0.cram.crai	5849180_23153_0_0.cram	project-G3Yj1vjJ6XG579jbKyjXPGGY:file-FybyQ18J11Q3y25J9XJb5QGX	project-G3Yj1vjJ6XG579jbKyjXPGGY:file-FybyQ28J11QP6V3k3kzV0yK9
5849241	5849241_23153_0_0.cram.crai	5849241_23153_0_0.cram	project-G3Yj1vjJ6XG579jbKyjXPGGY:file-Fybx1f8JYVJQ5xP83jXBJPxX	project-G3Yj1vjJ6XG579jbKyjXPGGY:file-Fybx1f8JYVJb7v96P5VP73KV
5849264	5849264_23153_0_0.cram.crai	5849264_23153_0_0.cram	project-G3Yj1vjJ6XG579jbKyjXPGGY:file-Fyf4y2jJQj893V1V3jZGG86B	project-G3Yj1vjJ6XG579jbKyjXPGGY:file-Fyf4y2jJQj85j06Y3jy24X92
5849277	5849277_23153_0_0.cram.crai	5849277_23153_0_0.cram	project-G3Yj1vjJ6XG579jbKyjXPGGY:file-FybypbjJ2993y25J9XJb5Xx6	project-G3Yj1vjJ6XG579jbKyjXPGGY:file-Fybypf8J299P6V3k3kzV117P
5849288	5849288_23153_0_0.cram.crai	5849288_23153_0_0.cram	project-G3Yj1vjJ6XG579jbKyjXPGGY:file-FybypgQJkXfy7Jp68g0XXB1p	project-G3Yj1vjJ6XG579jbKyjXPGGY:file-Fybypj8JkXfbVfK43k0bF6P4
5849303	5849303_23153_0_0.cram.crai	5849303_23153_0_0.cram	project-G3Yj1vjJ6XG579jbKyjXPGGY:file-Fyf47P0J9Pfv9ky93jF7Z8fK	project-G3Yj1vjJ6XG579jbKyjXPGGY:file-Fyf47PQJ9PfQF8xJ3kB9536Y
5849311	5849311_23153_0_0.cram.crai	5849311_23153_0_0.cram	project-G3Yj1vjJ6XG579jbKyjXPGGY:file-Fybx4v8J8fpB2P0F3P9JVXvG	project-G3Yj1vjJ6XG579jbKyjXPGGY:file-Fybx4y8J8fpFJqj13pX3q5x5
5849345	5849345_23153_0_0.cram.crai	5849345_23153_0_0.cram	project-G3Yj1vjJ6XG579jbKyjXPGGY:file-FybxJqjJy2F9PxkG3k8v641v	project-G3Yj1vjJ6XG579jbKyjXPGGY:file-FybxJfQJy2F8zFQF3jG6zF4G
5849367	5849367_23153_0_0.cram.crai	5849367_23153_0_0.cram	project-G3Yj1vjJ6XG579jbKyjXPGGY:file-Fybxq18JBKbbxXGv3jPxx2yX	project-G3Yj1vjJ6XG579jbKyjXPGGY:file-Fybxq18JBKbgqjfP3kgKPVj4
5849374	5849374_23153_0_0.cram.crai	5849374_23153_0_0.cram	project-G3Yj1vjJ6XG579jbKyjXPGGY:file-FybxY30JVj9Q5xP83jXBJXZX	project-G3Yj1vjJ6XG579jbKyjXPGGY:file-FybxY3QJVj9fbJq23kb8zj3z
5849389	5849389_23153_0_0.cram.crai	5849389_23153_0_0.cram	project-G3Yj1vjJ6XG579jbKyjXPGGY:file-FybxG90Jj9zX86YP7ZVP4P3v	project-G3Yj1vjJ6XG579jbKyjXPGGY:file-FybxG9jJj9zv9ky93jF7Y55f
5849390	5849390_23153_0_0.cram.crai	5849390_23153_0_0.cram	project-G3Yj1vjJ6XG579jbKyjXPGGY:file-FybvpfQJP4fkXYqQ3jxxK416	project-G3Yj1vjJ6XG579jbKyjXPGGY:file-FybvpX8JP4fp2P0F3P9JVVBB
5849426	5849426_23153_0_0.cram.crai	5849426_23153_0_0.cram	project-G3Yj1vjJ6XG579jbKyjXPGGY:file-Fybz2X0J06z64Zg33jJkg4QJ	project-G3Yj1vjJ6XG579jbKyjXPGGY:file-Fybz2X0J06z3y25J9XJb5bFX
5849434	5849434_23153_0_0.cram.crai	5849434_23153_0_0.cram	project-G3Yj1vjJ6XG579jbKyjXPGGY:file-FybxXq0JgYk7qjfP3kgKPPxX	project-G3Yj1vjJ6XG579jbKyjXPGGY:file-FybxXq8JgYk7J5pq6gy771g7
5849478	5849478_23153_0_0.cram.crai	5849478_23153_0_0.cram	project-G3Yj1vjJ6XG579jbKyjXPGGY:file-Fybvpp8JxV43y9vZ3kP6jYX3	project-G3Yj1vjJ6XG579jbKyjXPGGY:file-Fybvq00JxV43y9vZ3kP6jYXy
5849507	5849507_23153_0_0.cram.crai	5849507_23153_0_0.cram	project-G3Yj1vjJ6XG579jbKyjXPGGY:file-FybxZJjJxV6YfQVX3jFk06Yv	project-G3Yj1vjJ6XG579jbKyjXPGGY:file-FybxZp0JxV6ygz4q3jyq4Ggv
5849528	5849528_23153_0_0.cram.crai	5849528_23153_0_0.cram	project-G3Yj1vjJ6XG579jbKyjXPGGY:file-Fybz1FjJz5JfQX8B3kyz12PB	project-G3Yj1vjJ6XG579jbKyjXPGGY:file-Fybz1FjJz5Jz6V3k3kzV17K8
5849544	5849544_23153_0_0.cram.crai	5849544_23153_0_0.cram	project-G3Yj1vjJ6XG579jbKyjXPGGY:file-Fyf1y10JQkFk65763jfjzP31	project-G3Yj1vjJ6XG579jbKyjXPGGY:file-Fyf1y18JQkFk3V1V3jZGFZ9k
5849599	5849599_23153_0_0.cram.crai	5849599_23153_0_0.cram	project-G3Yj1vjJ6XG579jbKyjXPGGY:file-Fyf3gj0Jz9xzzFk0PvKKPF1p	project-G3Yj1vjJ6XG579jbKyjXPGGY:file-Fyf3gj8Jz9xk3V1V3jZGFkbZ
5849604	5849604_23153_0_0.cram.crai	5849604_23153_0_0.cram	project-G3Yj1vjJ6XG579jbKyjXPGGY:file-Fybx1q0JxqgYfQVX3jFk039Z	project-G3Yj1vjJ6XG579jbKyjXPGGY:file-Fybx1q8JxqgQF8xJ3kB943jB
5849629	5849629_23153_0_0.cram.crai	5849629_23153_0_0.cram	project-G3Yj1vjJ6XG579jbKyjXPGGY:file-Fyf486jJG5kz6V3k3kzV1y8K	project-G3Yj1vjJ6XG579jbKyjXPGGY:file-Fyf4870JG5kx1vFb3k48j7Pk
5849631	5849631_23153_0_0.cram.crai	5849631_23153_0_0.cram	project-G3Yj1vjJ6XG579jbKyjXPGGY:file-Fybx148Jp3fJQqfk3jJYVGKy	project-G3Yj1vjJ6XG579jbKyjXPGGY:file-Fybx150Jp3f93V1V3jZGBv4g
5849647	5849647_23153_0_0.cram.crai	5849647_23153_0_0.cram	project-G3Yj1vjJ6XG579jbKyjXPGGY:file-FybypZQJX1ybVfK43k0bF6K1	project-G3Yj1vjJ6XG579jbKyjXPGGY:file-Fybypb8JX1ypzx9v3k28P85K
5849650	5849650_23153_0_0.cram.crai	5849650_23153_0_0.cram	project-G3Yj1vjJ6XG579jbKyjXPGGY:file-Fybyf9jJ5p62Kg6V3jYvv01b	project-G3Yj1vjJ6XG579jbKyjXPGGY:file-Fybyfb0J5p60ZfJQ3kvV7pPf
5849665	5849665_23153_0_0.cram.crai	5849665_23153_0_0.cram	project-G3Yj1vjJ6XG579jbKyjXPGGY:file-FybzVF0JByxJJ1YV3jzqZJGF	project-G3Yj1vjJ6XG579jbKyjXPGGY:file-FybzVFjJByxKgz4q3jyq4gyP
5849673	5849673_23153_0_0.cram.crai	5849673_23153_0_0.cram	project-G3Yj1vjJ6XG579jbKyjXPGGY:file-Fyby1x0J8yfFX08fG45vK8F7	project-G3Yj1vjJ6XG579jbKyjXPGGY:file-Fyby1yQJ8yfK7Jp68g0XX10F
5849682	5849682_23153_0_0.cram.crai	5849682_23153_0_0.cram	project-G3Yj1vjJ6XG579jbKyjXPGGY:file-Fybx1ZQJk0pGJ1Bv3jzp06Pk	project-G3Yj1vjJ6XG579jbKyjXPGGY:file-Fybx1f8Jk0p6X5613kgxG52j
5849698	5849698_23153_0_0.cram.crai	5849698_23153_0_0.cram	project-G3Yj1vjJ6XG579jbKyjXPGGY:file-Fyby1gQJZxbKYGJZ3jyQ9zvq	project-G3Yj1vjJ6XG579jbKyjXPGGY:file-Fyby1gQJZxbP6V3k3kzV0qYP
5849733	5849733_23153_0_0.cram.crai	5849733_23153_0_0.cram	project-G3Yj1vjJ6XG579jbKyjXPGGY:file-Fyf4340JZ360ZfJQ3kvV8G7Z	project-G3Yj1vjJ6XG579jbKyjXPGGY:file-Fyf434QJZ36JQqfk3jJYXFy1
5849749	5849749_23153_0_0.cram.crai	5849749_23153_0_0.cram	project-G3Yj1vjJ6XG579jbKyjXPGGY:file-FybqXk8J2qX0zQ6f737bX7gZ	project-G3Yj1vjJ6XG579jbKyjXPGGY:file-FybqXpQJ2qXBXXQZ3kp070qX
5849794	5849794_23153_0_0.cram.crai	5849794_23153_0_0.cram	project-G3Yj1vjJ6XG579jbKyjXPGGY:file-Fyby0YjJVj9QyB833kVX9b8P	project-G3Yj1vjJ6XG579jbKyjXPGGY:file-Fyby0V0JVj9XKg6V3jYvqqg0
5849843	5849843_23153_0_0.cram.crai	5849843_23153_0_0.cram	project-G3Yj1vjJ6XG579jbKyjXPGGY:file-Fyf4bV0JX74J9g6y3jJvgZGK	project-G3Yj1vjJ6XG579jbKyjXPGGY:file-Fyf4bV8JX74B2P0F3P9JY5bQ
5849913	5849913_23153_0_0.cram.crai	5849913_23153_0_0.cram	project-G3Yj1vjJ6XG579jbKyjXPGGY:file-FybvxZQJ5XG0zQ6f737bXB7J	project-G3Yj1vjJ6XG579jbKyjXPGGY:file-Fybvxb0J5XG05xP83jXBJP8p
5849925	5849925_23153_0_0.cram.crai	5849925_23153_0_0.cram	project-G3Yj1vjJ6XG579jbKyjXPGGY:file-Fyf4Z90JYyZVv92p3jFzjFf3	project-G3Yj1vjJ6XG579jbKyjXPGGY:file-Fyf4Z90JYyZQzQ6f737bYPQQ
5849969	5849969_23153_0_0.cram.crai	5849969_23153_0_0.cram	project-G3Yj1vjJ6XG579jbKyjXPGGY:file-Fyf3qB8J7YXYfQVX3jFk0z6X	project-G3Yj1vjJ6XG579jbKyjXPGGY:file-Fyf3qF0J7YXyYGJZ3jyQBvqy
5850002	5850002_23153_0_0.cram.crai	5850002_23153_0_0.cram	project-G3Yj1vjJ6XG579jbKyjXPGGY:file-FybyGZjJYbj57v96P5VP7FXv	project-G3Yj1vjJ6XG579jbKyjXPGGY:file-FybyGbjJYbj3y9vZ3kP6jvv5
5850023	5850023_23153_0_0.cram.crai	5850023_23153_0_0.cram	project-G3Yj1vjJ6XG579jbKyjXPGGY:file-Fyf5FZjJX74FX08fG45vPGjJ	project-G3Yj1vjJ6XG579jbKyjXPGGY:file-Fyf5Fb0JX74BXXQZ3kp08QQf
5850059	5850059_23153_0_0.cram.crai	5850059_23153_0_0.cram	project-G3Yj1vjJ6XG579jbKyjXPGGY:file-Fybx4Q0J2bqYy9vZ3kP6jb0y	project-G3Yj1vjJ6XG579jbKyjXPGGY:file-Fybx4Q0J2bqk3V1V3jZGBvYB
5850064	5850064_23153_0_0.cram.crai	5850064_23153_0_0.cram	project-G3Yj1vjJ6XG579jbKyjXPGGY:file-Fybyq3jJ96JPzFk0PvKKKXf1	project-G3Yj1vjJ6XG579jbKyjXPGGY:file-Fybyq50J96JG9ky93jF7YP0p
5850088	5850088_23153_0_0.cram.crai	5850088_23153_0_0.cram	project-G3Yj1vjJ6XG579jbKyjXPGGY:file-Fyf3gg8JpP37qjfP3kgKQFjF	project-G3Yj1vjJ6XG579jbKyjXPGGY:file-Fyf3gg8JpP305xP83jXBKP1j
5850132	5850132_23153_0_0.cram.crai	5850132_23153_0_0.cram	project-G3Yj1vjJ6XG579jbKyjXPGGY:file-Fybxjy0JJjXKxx324vBY0pF4	project-G3Yj1vjJ6XG579jbKyjXPGGY:file-Fybxk60JJjXFJqj13pX3qB5f
5850204	5850204_23153_0_0.cram.crai	5850204_23153_0_0.cram	project-G3Yj1vjJ6XG579jbKyjXPGGY:file-Fyf1XBQJ44xb9V544519j4qx	project-G3Yj1vjJ6XG579jbKyjXPGGY:file-Fyf1XF0J44xfQX8B3kyz1JK4
5850231	5850231_23153_0_0.cram.crai	5850231_23153_0_0.cram	project-G3Yj1vjJ6XG579jbKyjXPGGY:file-Fybvf3QJQ4bKgz4q3jyq47j4	project-G3Yj1vjJ6XG579jbKyjXPGGY:file-Fybvf3QJQ4b88X51FVq6QBfY
5850265	5850265_23153_0_0.cram.crai	5850265_23153_0_0.cram	project-G3Yj1vjJ6XG579jbKyjXPGGY:file-FybvpB0JP5v2Qf4v3jQjkJkX	project-G3Yj1vjJ6XG579jbKyjXPGGY:file-FybvpBjJP5v2Kg6V3jYvq9yf
5850298	5850298_23153_0_0.cram.crai	5850298_23153_0_0.cram	project-G3Yj1vjJ6XG579jbKyjXPGGY:file-Fyf44p8JpP388X51FVq6VG8Y	project-G3Yj1vjJ6XG579jbKyjXPGGY:file-Fyf44pjJpP3005Q332gPZxGp
5850324	5850324_23153_0_0.cram.crai	5850324_23153_0_0.cram	project-G3Yj1vjJ6XG579jbKyjXPGGY:file-Fyby5VQJKy16bJq23kb8zv97	project-G3Yj1vjJ6XG579jbKyjXPGGY:file-Fyby5X0JKy1FJqj13pX3qJ36
5850352	5850352_23153_0_0.cram.crai	5850352_23153_0_0.cram	project-G3Yj1vjJ6XG579jbKyjXPGGY:file-Fybyk7jJX1yQjz7g3jJVVjv1	project-G3Yj1vjJ6XG579jbKyjXPGGY:file-Fybyk88JX1yzgyZ03jF79FJZ
5850375	5850375_23153_0_0.cram.crai	5850375_23153_0_0.cram	project-G3Yj1vjJ6XG579jbKyjXPGGY:file-Fybx4Z8J11Q0ZfJQ3kvV7QgX	project-G3Yj1vjJ6XG579jbKyjXPGGY:file-Fybx4ZQJ11QJ9g6y3jJvf6zz
5850410	5850410_23153_0_0.cram.crai	5850410_23153_0_0.cram	project-G3Yj1vjJ6XG579jbKyjXPGGY:file-FybxxqQJ2P96QX8B3kyz0p8x	project-G3Yj1vjJ6XG579jbKyjXPGGY:file-Fybxxv0J2P95VfK43k0bF0Y4
5850428	5850428_23153_0_0.cram.crai	5850428_23153_0_0.cram	project-G3Yj1vjJ6XG579jbKyjXPGGY:file-Fyf1VXQJ9fx3y9vZ3kP6k99Z	project-G3Yj1vjJ6XG579jbKyjXPGGY:file-Fyf1VZ0J9fxJQqfk3jJYX3P0
5850444	5850444_23153_0_0.cram.crai	5850444_23153_0_0.cram	project-G3Yj1vjJ6XG579jbKyjXPGGY:file-Fybyp60JYbj0jz7g3jJVVk0x	project-G3Yj1vjJ6XG579jbKyjXPGGY:file-Fybyp80JYbj9XYqQ3jxxKQq9
5850461	5850461_23153_0_0.cram.crai	5850461_23153_0_0.cram	project-G3Yj1vjJ6XG579jbKyjXPGGY:file-Fybx4z8JvJPvfQGY3jj1fB6j	project-G3Yj1vjJ6XG579jbKyjXPGGY:file-Fybx4zQJvJPp2P0F3P9JVXx7
5850499	5850499_23153_0_0.cram.crai	5850499_23153_0_0.cram	project-G3Yj1vjJ6XG579jbKyjXPGGY:file-Fybyb4jJFfkqJqj13pX3qQQP	project-G3Yj1vjJ6XG579jbKyjXPGGY:file-Fybybb0JFfkXQf4v3jQjkk2P
5850503	5850503_23153_0_0.cram.crai	5850503_23153_0_0.cram	project-G3Yj1vjJ6XG579jbKyjXPGGY:file-Fyf43bjJvkypZkpz3kYVP4X3	project-G3Yj1vjJ6XG579jbKyjXPGGY:file-Fyf43f8JvkyjzFQF3jG706F2
