batch ID	stage-G4Q4Pk8J6XGFjX9F3xfbg8Qv.bam	stage-G4Q4Pk8J6XGFjX9F3xfbg8Qv.bam_index	stage-G4Q4Pk8J6XGFjX9F3xfbg8Qv.bam ID	stage-G4Q4Pk8J6XGFjX9F3xfbg8Qv.bam_index ID
TCGA-D1-A179-10A-01D-A12J-09_IlluminaGA-DNASeq_exome_gdc_realn	TCGA-D1-A179-10A-01D-A12J-09_IlluminaGA-DNASeq_exome_gdc_realn.bam	TCGA-D1-A179-10A-01D-A12J-09_IlluminaGA-DNASeq_exome_gdc_realn.bai	project-G428g40Jf312vx5727kY9KXZ:file-G82v2bjJ8PVzK4Q5K7ZjJ0Vk	project-G428g40Jf312vx5727kY9KXZ:file-G82v358J8PVpV6Y11q3p826x
TCGA-D1-A17N-10A-01D-A12J-09_IlluminaGA-DNASeq_exome_gdc_realn	TCGA-D1-A17N-10A-01D-A12J-09_IlluminaGA-DNASeq_exome_gdc_realn.bam	TCGA-D1-A17N-10A-01D-A12J-09_IlluminaGA-DNASeq_exome_gdc_realn.bai	project-G428g40Jf312vx5727kY9KXZ:file-G82v2b8JgX367vQPGQYVkQ20	project-G428g40Jf312vx5727kY9KXZ:file-G82v32jJgX3GbbpP490zQYVQ
TCGA-D1-A176-10A-01D-A12J-09_IlluminaGA-DNASeq_exome_gdc_realn	TCGA-D1-A176-10A-01D-A12J-09_IlluminaGA-DNASeq_exome_gdc_realn.bam	TCGA-D1-A176-10A-01D-A12J-09_IlluminaGA-DNASeq_exome_gdc_realn.bai	project-G428g40Jf312vx5727kY9KXZ:file-G82v2G8J6Y6g2ZK29JzY5vP4	project-G428g40Jf312vx5727kY9KXZ:file-G82v2v0J6Y6f5by59Jb23qV8
TCGA-D1-A17C-10A-01D-A12J-09_IlluminaGA-DNASeq_exome_gdc_realn	TCGA-D1-A17C-10A-01D-A12J-09_IlluminaGA-DNASeq_exome_gdc_realn.bam	TCGA-D1-A17C-10A-01D-A12J-09_IlluminaGA-DNASeq_exome_gdc_realn.bai	project-G428g40Jf312vx5727kY9KXZ:file-G82v268JF9qJ7GXfJ3y55ZxB	project-G428g40Jf312vx5727kY9KXZ:file-G82v2k8JF9q2F01fGPV9K397
TCGA-D1-A16Q-10A-01D-A12J-09_IlluminaGA-DNASeq_exome_gdc_realn	TCGA-D1-A16Q-10A-01D-A12J-09_IlluminaGA-DNASeq_exome_gdc_realn.bam	TCGA-D1-A16Q-10A-01D-A12J-09_IlluminaGA-DNASeq_exome_gdc_realn.bai	project-G428g40Jf312vx5727kY9KXZ:file-G82v260J5JfKp2FP3BxJ8qYz	project-G428g40Jf312vx5727kY9KXZ:file-G82v2b0J5Jf0yY94FbpV724j
TCGA-D1-A0ZU-10A-01D-A10M-09_IlluminaGA-DNASeq_exome_gdc_realn	TCGA-D1-A0ZU-10A-01D-A10M-09_IlluminaGA-DNASeq_exome_gdc_realn.bam	TCGA-D1-A0ZU-10A-01D-A10M-09_IlluminaGA-DNASeq_exome_gdc_realn.bai	project-G428g40Jf312vx5727kY9KXZ:file-G82v26QJgbvxFPzQFvg2jkf0	project-G428g40Jf312vx5727kY9KXZ:file-G82v2b0JgbvQyVyB48YQFJ0V
TCGA-D1-A16E-10A-01D-A12J-09_IlluminaGA-DNASeq_exome_gdc_realn	TCGA-D1-A16E-10A-01D-A12J-09_IlluminaGA-DNASeq_exome_gdc_realn.bam	TCGA-D1-A16E-10A-01D-A12J-09_IlluminaGA-DNASeq_exome_gdc_realn.bai	project-G428g40Jf312vx5727kY9KXZ:file-G82v250JGQ18XPP09KG741bx	project-G428g40Jf312vx5727kY9KXZ:file-G82v2Y0JGQ10xK1jFqq3yf2V
TCGA-D1-A0ZV-10A-01D-A10M-09_IlluminaGA-DNASeq_exome_gdc_realn	TCGA-D1-A0ZV-10A-01D-A10M-09_IlluminaGA-DNASeq_exome_gdc_realn.bam	TCGA-D1-A0ZV-10A-01D-A10M-09_IlluminaGA-DNASeq_exome_gdc_realn.bai	project-G428g40Jf312vx5727kY9KXZ:file-G82v240JzYQyp2FP3BxJ8qYq	project-G428g40Jf312vx5727kY9KXZ:file-G82v2VjJzYQpkpfX5V60yVQ7
TCGA-D1-A17S-10A-01D-A12J-09_IlluminaGA-DNASeq_exome_gdc_realn	TCGA-D1-A17S-10A-01D-A12J-09_IlluminaGA-DNASeq_exome_gdc_realn.bam	TCGA-D1-A17S-10A-01D-A12J-09_IlluminaGA-DNASeq_exome_gdc_realn.bai	project-G428g40Jf312vx5727kY9KXZ:file-G82v1xQJ4Yg8zyXf3Bk26547	project-G428g40Jf312vx5727kY9KXZ:file-G82v2F8J4Yg57886B5Y7P2ZK
TCGA-D1-A167-10A-01D-A12J-09_IlluminaGA-DNASeq_exome_gdc_realn	TCGA-D1-A167-10A-01D-A12J-09_IlluminaGA-DNASeq_exome_gdc_realn.bam	TCGA-D1-A167-10A-01D-A12J-09_IlluminaGA-DNASeq_exome_gdc_realn.bai	project-G428g40Jf312vx5727kY9KXZ:file-G82v1vQJkQK87bgq5Qq9Z94G	project-G428g40Jf312vx5727kY9KXZ:file-G82v29jJkQK7g7pvFfq1zxGX
TCGA-D1-A17K-10A-01D-A12J-09_IlluminaGA-DNASeq_exome_gdc_realn	TCGA-D1-A17K-10A-01D-A12J-09_IlluminaGA-DNASeq_exome_gdc_realn.bam	TCGA-D1-A17K-10A-01D-A12J-09_IlluminaGA-DNASeq_exome_gdc_realn.bai	project-G428g40Jf312vx5727kY9KXZ:file-G82v1qQJBgXpKKkY97qYQG0G	project-G428g40Jf312vx5727kY9KXZ:file-G82v288JBgXjz3X51pJxY1X5
TCGA-D1-A16G-10A-01D-A12J-09_IlluminaGA-DNASeq_exome_gdc_realn	TCGA-D1-A16G-10A-01D-A12J-09_IlluminaGA-DNASeq_exome_gdc_realn.bam	TCGA-D1-A16G-10A-01D-A12J-09_IlluminaGA-DNASeq_exome_gdc_realn.bai	project-G428g40Jf312vx5727kY9KXZ:file-G82v1k8JPKy054493Bf9PZgq	project-G428g40Jf312vx5727kY9KXZ:file-G82v290JPKy84Vv4FbqXkX7x
TCGA-D1-A103-10A-01D-A10M-09_IlluminaGA-DNASeq_exome_gdc_realn	TCGA-D1-A103-10A-01D-A10M-09_IlluminaGA-DNASeq_exome_gdc_realn.bam	TCGA-D1-A103-10A-01D-A10M-09_IlluminaGA-DNASeq_exome_gdc_realn.bai	project-G428g40Jf312vx5727kY9KXZ:file-G82v1kjJXZ8VPKpjGPY34796	project-G428g40Jf312vx5727kY9KXZ:file-G82v27QJXZ8jXPP09KG741f1
TCGA-D1-A174-10A-01D-A12J-09_IlluminaGA-DNASeq_exome_gdc_realn	TCGA-D1-A174-10A-01D-A12J-09_IlluminaGA-DNASeq_exome_gdc_realn.bam	TCGA-D1-A174-10A-01D-A12J-09_IlluminaGA-DNASeq_exome_gdc_realn.bai	project-G428g40Jf312vx5727kY9KXZ:file-G82v1Y0JK6gyKyzQB55KffgK	project-G428g40Jf312vx5727kY9KXZ:file-G82v208JK6gf46473BvJYG40
TCGA-D1-A177-10A-01D-A12J-09_IlluminaGA-DNASeq_exome_gdc_realn	TCGA-D1-A177-10A-01D-A12J-09_IlluminaGA-DNASeq_exome_gdc_realn.bam	TCGA-D1-A177-10A-01D-A12J-09_IlluminaGA-DNASeq_exome_gdc_realn.bai	project-G428g40Jf312vx5727kY9KXZ:file-G82v1V8JbPf9z1Vk1pvfgybp	project-G428g40Jf312vx5727kY9KXZ:file-G82v1yjJbPf0vY9vFf0jF521
TCGA-D5-6535-10A-01D-1719-10_hg19_Illumina_gdc_realn	TCGA-D5-6535-10A-01D-1719-10_hg19_Illumina_gdc_realn.bam	TCGA-D5-6535-10A-01D-1719-10_hg19_Illumina_gdc_realn.bai	project-G428g40Jf312vx5727kY9KXZ:file-G82v1B8JKXY8v7259KPz18p3	project-G428g40Jf312vx5727kY9KXZ:file-G82v1pjJKXY73XKy5QKJPz00
TCGA-D1-A17D-10A-01D-A12J-09_IlluminaGA-DNASeq_exome_gdc_realn	TCGA-D1-A17D-10A-01D-A12J-09_IlluminaGA-DNASeq_exome_gdc_realn.bam	TCGA-D1-A17D-10A-01D-A12J-09_IlluminaGA-DNASeq_exome_gdc_realn.bai	project-G428g40Jf312vx5727kY9KXZ:file-G82v1JQJXZQxPbJK1p4Pq47X	project-G428g40Jf312vx5727kY9KXZ:file-G82v1pQJXZQVPKpjGPY34798
TCGA-D1-A16V-10A-01D-A12J-09_IlluminaGA-DNASeq_exome_gdc_realn	TCGA-D1-A16V-10A-01D-A12J-09_IlluminaGA-DNASeq_exome_gdc_realn.bam	TCGA-D1-A16V-10A-01D-A12J-09_IlluminaGA-DNASeq_exome_gdc_realn.bai	project-G428g40Jf312vx5727kY9KXZ:file-G82v1JjJjg34q85J97vfB1gb	project-G428g40Jf312vx5727kY9KXZ:file-G82v1kjJjg303Jjf3Bp0z3Zq
TCGA-D1-A17L-10A-01D-A12J-09_IlluminaGA-DNASeq_exome_gdc_realn	TCGA-D1-A17L-10A-01D-A12J-09_IlluminaGA-DNASeq_exome_gdc_realn.bam	TCGA-D1-A17L-10A-01D-A12J-09_IlluminaGA-DNASeq_exome_gdc_realn.bai	project-G428g40Jf312vx5727kY9KXZ:file-G82v1BQJjBybFJ7gFv2GggJg	project-G428g40Jf312vx5727kY9KXZ:file-G82v1g0JjByX0Y259JfvGF0K
TCGA-D1-A17A-10A-01D-A12J-09_IlluminaGA-DNASeq_exome_gdc_realn	TCGA-D1-A17A-10A-01D-A12J-09_IlluminaGA-DNASeq_exome_gdc_realn.bam	TCGA-D1-A17A-10A-01D-A12J-09_IlluminaGA-DNASeq_exome_gdc_realn.bai	project-G428g40Jf312vx5727kY9KXZ:file-G82v12QJfPQvjVyzGQ5yJB3x	project-G428g40Jf312vx5727kY9KXZ:file-G82v1KjJfPQxFPzQFvg2jkZv
TCGA-D1-A0ZP-10A-01D-A10M-09_IlluminaGA-DNASeq_exome_gdc_realn	TCGA-D1-A0ZP-10A-01D-A10M-09_IlluminaGA-DNASeq_exome_gdc_realn.bam	TCGA-D1-A0ZP-10A-01D-A10M-09_IlluminaGA-DNASeq_exome_gdc_realn.bai	project-G428g40Jf312vx5727kY9KXZ:file-G82v0g0JyJqxzfxY97Zy7Z2V	project-G428g40Jf312vx5727kY9KXZ:file-G82v14QJyJqjFpBKB4p39qbP
TCGA-D1-A16J-10A-01D-A12J-09_IlluminaGA-DNASeq_exome_gdc_realn	TCGA-D1-A16J-10A-01D-A12J-09_IlluminaGA-DNASeq_exome_gdc_realn.bam	TCGA-D1-A16J-10A-01D-A12J-09_IlluminaGA-DNASeq_exome_gdc_realn.bai	project-G428g40Jf312vx5727kY9KXZ:file-G82v0K0J039x7GXfJ3y55ZXG	project-G428g40Jf312vx5727kY9KXZ:file-G82v0kjJ039gV1q11kxQp9Q7
TCGA-D1-A16Y-10A-01D-A12J-09_IlluminaGA-DNASeq_exome_gdc_realn	TCGA-D1-A16Y-10A-01D-A12J-09_IlluminaGA-DNASeq_exome_gdc_realn.bam	TCGA-D1-A16Y-10A-01D-A12J-09_IlluminaGA-DNASeq_exome_gdc_realn.bai	project-G428g40Jf312vx5727kY9KXZ:file-G82v088J79B6666x5QB8035k	project-G428g40Jf312vx5727kY9KXZ:file-G82v0ZQJ79B6kb9x48k7VPVz
TCGA-D1-A17F-10A-01D-A12J-09_IlluminaGA-DNASeq_exome_gdc_realn	TCGA-D1-A17F-10A-01D-A12J-09_IlluminaGA-DNASeq_exome_gdc_realn.bam	TCGA-D1-A17F-10A-01D-A12J-09_IlluminaGA-DNASeq_exome_gdc_realn.bai	project-G428g40Jf312vx5727kY9KXZ:file-G82v098JGQY88352Fqg2XVF8	project-G428g40Jf312vx5727kY9KXZ:file-G82v0Z8JGQY24bfJ47QP6yv5
TCGA-D1-A165-10A-01D-A12J-09_IlluminaGA-DNASeq_exome_gdc_realn	TCGA-D1-A165-10A-01D-A12J-09_IlluminaGA-DNASeq_exome_gdc_realn.bam	TCGA-D1-A165-10A-01D-A12J-09_IlluminaGA-DNASeq_exome_gdc_realn.bai	project-G428g40Jf312vx5727kY9KXZ:file-G82qzzQJzj1yKyzQB55KffXz	project-G428g40Jf312vx5727kY9KXZ:file-G82v0FQJzj1yp2FP3BxJ8qV0
TCGA-D1-A16O-10A-01D-A12J-09_IlluminaGA-DNASeq_exome_gdc_realn	TCGA-D1-A16O-10A-01D-A12J-09_IlluminaGA-DNASeq_exome_gdc_realn.bam	TCGA-D1-A16O-10A-01D-A12J-09_IlluminaGA-DNASeq_exome_gdc_realn.bai	project-G428g40Jf312vx5727kY9KXZ:file-G82qzjQJ39F73XKy5QKJPyqy	project-G428g40Jf312vx5727kY9KXZ:file-G82v03jJ39F8YX57B5YVXgv4
TCGA-D1-A16X-10A-01D-A12J-09_IlluminaGA-DNASeq_exome_gdc_realn	TCGA-D1-A16X-10A-01D-A12J-09_IlluminaGA-DNASeq_exome_gdc_realn.bam	TCGA-D1-A16X-10A-01D-A12J-09_IlluminaGA-DNASeq_exome_gdc_realn.bai	project-G428g40Jf312vx5727kY9KXZ:file-G82qzY8JB7Pgg7pvFfq1zx68	project-G428g40Jf312vx5727kY9KXZ:file-G82v008JB7PVPjKzKf7Vy5zV
TCGA-D1-A102-10A-01D-A10M-09_IlluminaGA-DNASeq_exome_1_gdc_realn	TCGA-D1-A102-10A-01D-A10M-09_IlluminaGA-DNASeq_exome_1_gdc_realn.bam	TCGA-D1-A102-10A-01D-A10M-09_IlluminaGA-DNASeq_exome_1_gdc_realn.bai	project-G428g40Jf312vx5727kY9KXZ:file-G82qz98J5QF38FYz9K10G48f	project-G428g40Jf312vx5727kY9KXZ:file-G82qzb0J5QFBkpfX5V60yVBY
TCGA-D1-A168-10A-01D-A12J-09_IlluminaGA-DNASeq_exome_gdc_realn	TCGA-D1-A168-10A-01D-A12J-09_IlluminaGA-DNASeq_exome_gdc_realn.bam	TCGA-D1-A168-10A-01D-A12J-09_IlluminaGA-DNASeq_exome_gdc_realn.bai	project-G428g40Jf312vx5727kY9KXZ:file-G82qz58JKy8K6Z5Z5VGJ0ZPZ	project-G428g40Jf312vx5727kY9KXZ:file-G82qzQjJKy86JBB097QZpqP5
C495.TCGA-CV-A465-10A-01D-A25Y-08.2_gdc_realn	C495.TCGA-CV-A465-10A-01D-A25Y-08.2_gdc_realn.bam	C495.TCGA-CV-A465-10A-01D-A25Y-08.2_gdc_realn.bai	project-G428g40Jf312vx5727kY9KXZ:file-G82qyq8Jyjf6kb9x48k7VPGY	project-G428g40Jf312vx5727kY9KXZ:file-G82qz4jJyjfBkpfX5V60yV9K
TCGA-D1-A17H-10A-01D-A12J-09_IlluminaGA-DNASeq_exome_gdc_realn	TCGA-D1-A17H-10A-01D-A12J-09_IlluminaGA-DNASeq_exome_gdc_realn.bam	TCGA-D1-A17H-10A-01D-A12J-09_IlluminaGA-DNASeq_exome_gdc_realn.bai	project-G428g40Jf312vx5727kY9KXZ:file-G82qy50JQ9938FYz9K10G482	project-G428g40Jf312vx5727kY9KXZ:file-G82qyPQJQ998JxgZFfVFPyz3
TCGA-D1-A17Q-10A-01D-A12J-09_IlluminaGA-DNASeq_exome_gdc_realn	TCGA-D1-A17Q-10A-01D-A12J-09_IlluminaGA-DNASeq_exome_gdc_realn.bam	TCGA-D1-A17Q-10A-01D-A12J-09_IlluminaGA-DNASeq_exome_gdc_realn.bai	project-G428g40Jf312vx5727kY9KXZ:file-G82qxkQJ0J17V1q11kxQp9FB	project-G428g40Jf312vx5727kY9KXZ:file-G82qy4QJ0J1K6Z5Z5VGJ0ZK4
C495.TCGA-CX-7219-10A-01D-2013-08.1_gdc_realn	C495.TCGA-CX-7219-10A-01D-2013-08.1_gdc_realn.bam	C495.TCGA-CX-7219-10A-01D-2013-08.1_gdc_realn.bai	project-G428g40Jf312vx5727kY9KXZ:file-G82qx80J8zx0yVyB48YQFGZK	project-G428g40Jf312vx5727kY9KXZ:file-G82qxY8J8zxJb1J03Bq2YQ9p
C495.TCGA-CV-A6JO-10A-01D-A34M-08.2_gdc_realn	C495.TCGA-CV-A6JO-10A-01D-A34M-08.2_gdc_realn.bam	C495.TCGA-CV-A6JO-10A-01D-A34M-08.2_gdc_realn.bai	project-G428g40Jf312vx5727kY9KXZ:file-G82qx4QJFfB7jGk0GBfgKzqq	project-G428g40Jf312vx5727kY9KXZ:file-G82qxGQJFfB57886B5Y7P295
C495.TCGA-CV-A464-10A-01D-A25Y-08.2_gdc_realn	C495.TCGA-CV-A464-10A-01D-A25Y-08.2_gdc_realn.bam	C495.TCGA-CV-A464-10A-01D-A25Y-08.2_gdc_realn.bai	project-G428g40Jf312vx5727kY9KXZ:file-G82qvJ8JvGP6JBB097QZpqBq	project-G428g40Jf312vx5727kY9KXZ:file-G82qvZ8JvGP8xFpqFf81fPQy
C495.TCGA-CV-A463-10A-01D-A25Y-08.2_gdc_realn	C495.TCGA-CV-A463-10A-01D-A25Y-08.2_gdc_realn.bam	C495.TCGA-CV-A463-10A-01D-A25Y-08.2_gdc_realn.bai	project-G428g40Jf312vx5727kY9KXZ:file-G82qv9QJ47YxPbJK1p4Pq39V	project-G428g40Jf312vx5727kY9KXZ:file-G82qvZ0J47YyKyzQB55KffP8
C495.TCGA-CV-A6JN-10A-01D-A31J-08.1_gdc_realn	C495.TCGA-CV-A6JN-10A-01D-A31J-08.1_gdc_realn.bam	C495.TCGA-CV-A6JN-10A-01D-A31J-08.1_gdc_realn.bai	project-G428g40Jf312vx5727kY9KXZ:file-G82qqyQJV702vPjk3ByzB06x	project-G428g40Jf312vx5727kY9KXZ:file-G82qv50JV702F01fGPV9K2pF
C495.TCGA-CV-7238-10A-01D-2013-08.1_gdc_realn	C495.TCGA-CV-7238-10A-01D-2013-08.1_gdc_realn.bam	C495.TCGA-CV-7238-10A-01D-2013-08.1_gdc_realn.bai	project-G428g40Jf312vx5727kY9KXZ:file-G82qqP0JyBxx7GXfJ3y55ZJ2	project-G428g40Jf312vx5727kY9KXZ:file-G82qqg8JyBxjFpBKB4p39qJZ
C495.TCGA-CV-7104-10A-01D-2013-08.1_gdc_realn	C495.TCGA-CV-7104-10A-01D-2013-08.1_gdc_realn.bam	C495.TCGA-CV-7104-10A-01D-2013-08.1_gdc_realn.bai	project-G428g40Jf312vx5727kY9KXZ:file-G82qq80J7KBbBp505V6x5gB4	project-G428g40Jf312vx5727kY9KXZ:file-G82qqX8J7KBZq0qvB6yBXk78
TCGA-D5-6530-10A-01D-1719-10_Illumina_gdc_realn	TCGA-D5-6530-10A-01D-1719-10_Illumina_gdc_realn.bam	TCGA-D5-6530-10A-01D-1719-10_Illumina_gdc_realn.bai	project-G428g40Jf312vx5727kY9KXZ:file-G82qqB0JFj28x88j9Kb77yKY	project-G428g40Jf312vx5727kY9KXZ:file-G82qqQ0JFj2Bf79YGQ501Gj4
C495.TCGA-CV-7102-10A-01D-2013-08.1_gdc_realn	C495.TCGA-CV-7102-10A-01D-2013-08.1_gdc_realn.bam	C495.TCGA-CV-7102-10A-01D-2013-08.1_gdc_realn.bai	project-G428g40Jf312vx5727kY9KXZ:file-G82qq78J3X0fkb9x48k7VP4F	project-G428g40Jf312vx5727kY9KXZ:file-G82qqPQJ3X0X0Y259JfvGBkG
C495.TCGA-CV-A6JY-10A-01D-A31J-08.1_gdc_realn	C495.TCGA-CV-A6JY-10A-01D-A31J-08.1_gdc_realn.bam	C495.TCGA-CV-A6JY-10A-01D-A31J-08.1_gdc_realn.bai	project-G428g40Jf312vx5727kY9KXZ:file-G82qq88J4fzVgFVXFqz169Kf	project-G428g40Jf312vx5727kY9KXZ:file-G82qqK0J4fzxFPzQFvg2jjqQ
C495.TCGA-CV-7430-10A-01D-2129-08.4_gdc_realn	C495.TCGA-CV-7430-10A-01D-2129-08.4_gdc_realn.bam	C495.TCGA-CV-7430-10A-01D-2129-08.4_gdc_realn.bai	project-G428g40Jf312vx5727kY9KXZ:file-G82qq4jJqBP6b2Pk5VXVxBK1	project-G428g40Jf312vx5727kY9KXZ:file-G82qqF0JqBP65by59Jb23q6f
C495.TCGA-CV-7243-10A-01D-2013-08.1_gdc_realn	C495.TCGA-CV-7243-10A-01D-2013-08.1_gdc_realn.bam	C495.TCGA-CV-7243-10A-01D-2013-08.1_gdc_realn.bai	project-G428g40Jf312vx5727kY9KXZ:file-G82qq18JYB484Vv4FbqXkVvk	project-G428g40Jf312vx5727kY9KXZ:file-G82qq98JYB41gFVXFqz169Ky
C495.TCGA-CV-7429-10A-01D-2129-08.1_gdc_realn	C495.TCGA-CV-7429-10A-01D-2129-08.1_gdc_realn.bam	C495.TCGA-CV-7429-10A-01D-2129-08.1_gdc_realn.bai	project-G428g40Jf312vx5727kY9KXZ:file-G82qpk8J4j9JzfxY97Zy7YYY	project-G428g40Jf312vx5727kY9KXZ:file-G82qpzQJ4j95FJ7gFv2Ggg2q
C495.TCGA-CV-A45R-10A-01D-A24F-08.3_gdc_realn	C495.TCGA-CV-A45R-10A-01D-A24F-08.3_gdc_realn.bam	C495.TCGA-CV-A45R-10A-01D-A24F-08.3_gdc_realn.bai	project-G428g40Jf312vx5727kY9KXZ:file-G82qpg8JKGxgjGk0GBfgKzjG	project-G428g40Jf312vx5727kY9KXZ:file-G82qpyjJKGxVgFVXFqz169JJ
C495.TCGA-CX-7082-10A-01D-2013-08.1_gdc_realn	C495.TCGA-CX-7082-10A-01D-2013-08.1_gdc_realn.bam	C495.TCGA-CX-7082-10A-01D-2013-08.1_gdc_realn.bai	project-G428g40Jf312vx5727kY9KXZ:file-G82qpgQJ0Y3g57QY480K36vV	project-G428g40Jf312vx5727kY9KXZ:file-G82qpxQJ0Y3p8ygGGQ8YQvXX
C495.TCGA-CV-7438-10A-01D-2129-08.1_gdc_realn	C495.TCGA-CV-7438-10A-01D-2129-08.1_gdc_realn.bam	C495.TCGA-CV-7438-10A-01D-2129-08.1_gdc_realn.bai	project-G428g40Jf312vx5727kY9KXZ:file-G82qpZ8Jqj3gV1q11kxQp949	project-G428g40Jf312vx5727kY9KXZ:file-G82qpp8Jqj3QyVyB48YQFGQP
C495.TCGA-CV-7101-10A-01D-2013-08.1_gdc_realn	C495.TCGA-CV-7101-10A-01D-2013-08.1_gdc_realn.bam	C495.TCGA-CV-7101-10A-01D-2013-08.1_gdc_realn.bai	project-G428g40Jf312vx5727kY9KXZ:file-G82qpVQJZgv8x88j9Kb77yGg	project-G428g40Jf312vx5727kY9KXZ:file-G82qpkQJZgv1gFVXFqz169J7
C495.TCGA-CV-7253-10A-01D-2013-08.1_gdc_realn	C495.TCGA-CV-7253-10A-01D-2013-08.1_gdc_realn.bam	C495.TCGA-CV-7253-10A-01D-2013-08.1_gdc_realn.bai	project-G428g40Jf312vx5727kY9KXZ:file-G82qpV8JvGg567fy5V8Z0gKK	project-G428g40Jf312vx5727kY9KXZ:file-G82qpjjJvGg57886B5Y7P21v
C495.TCGA-CV-7440-10A-01D-2129-08.1_gdc_realn	C495.TCGA-CV-7440-10A-01D-2129-08.1_gdc_realn.bam	C495.TCGA-CV-7440-10A-01D-2129-08.1_gdc_realn.bai	project-G428g40Jf312vx5727kY9KXZ:file-G82qpX8JYkgyp2FP3BxJ8q8Z	project-G428g40Jf312vx5727kY9KXZ:file-G82qpjQJYkgpf79YGQ501Gbp
C828.TCGA-D3-A5GT-10A-01D-A30X-08.1_gdc_realn	C828.TCGA-D3-A5GT-10A-01D-A30X-08.1_gdc_realn.bam	C828.TCGA-D3-A5GT-10A-01D-A30X-08.1_gdc_realn.bai	project-G428g40Jf312vx5727kY9KXZ:file-G82qpVjJB0Vb7886B5Y7P21Z	project-G428g40Jf312vx5727kY9KXZ:file-G82qpj0JB0Vp0bZ7FbvV47FY
C495.TCGA-CV-A461-10A-01D-A25Y-08.2_gdc_realn	C495.TCGA-CV-A461-10A-01D-A25Y-08.2_gdc_realn.bam	C495.TCGA-CV-A461-10A-01D-A25Y-08.2_gdc_realn.bai	project-G428g40Jf312vx5727kY9KXZ:file-G82qpKQJx18yKyzQB55KffFq	project-G428g40Jf312vx5727kY9KXZ:file-G82qpbQJx18b67fy5V8Z0gKx
C495.TCGA-CV-A6JM-10A-01D-A31J-08.1_gdc_realn	C495.TCGA-CV-A6JM-10A-01D-A31J-08.1_gdc_realn.bam	C495.TCGA-CV-A6JM-10A-01D-A31J-08.1_gdc_realn.bai	project-G428g40Jf312vx5727kY9KXZ:file-G82qpJjJ3y66kb9x48k7VP2F	project-G428g40Jf312vx5727kY9KXZ:file-G82qpYQJ3y6B0bZ7FbvV47FP
C495.TCGA-CV-7248-10A-01D-2013-08.1_gdc_realn	C495.TCGA-CV-7248-10A-01D-2013-08.1_gdc_realn.bam	C495.TCGA-CV-7248-10A-01D-2013-08.1_gdc_realn.bai	project-G428g40Jf312vx5727kY9KXZ:file-G82qp7jJv1Gqb31FFqbXqjYp	project-G428g40Jf312vx5727kY9KXZ:file-G82qpP8Jv1GxkvfVFbf9Zq70
C495.TCGA-CV-7247-10A-01D-2013-08.1_gdc_realn	C495.TCGA-CV-7247-10A-01D-2013-08.1_gdc_realn.bam	C495.TCGA-CV-7247-10A-01D-2013-08.1_gdc_realn.bai	project-G428g40Jf312vx5727kY9KXZ:file-G82qp1jJQf0jFpBKB4p39qF3	project-G428g40Jf312vx5727kY9KXZ:file-G82qp98JQf0g2ZK29JzY5qzj
C495.TCGA-CV-A6JT-10A-01D-A31J-08.1_gdc_realn	C495.TCGA-CV-A6JT-10A-01D-A31J-08.1_gdc_realn.bam	C495.TCGA-CV-A6JT-10A-01D-A31J-08.1_gdc_realn.bai	project-G428g40Jf312vx5727kY9KXZ:file-G82qp1QJK6f8z3X51pJxY08b	project-G428g40Jf312vx5727kY9KXZ:file-G82qp6jJK6f8zyXf3Bk264g3
C495.TCGA-CV-7103-10A-01D-2013-08.1_gdc_realn	C495.TCGA-CV-7103-10A-01D-2013-08.1_gdc_realn.bam	C495.TCGA-CV-7103-10A-01D-2013-08.1_gdc_realn.bai	project-G428g40Jf312vx5727kY9KXZ:file-G82qkz8JG8f757QY480K36qy	project-G428g40Jf312vx5727kY9KXZ:file-G82qp68JG8f1PKpjGPY346Q3
C495.TCGA-CV-7437-10A-01D-2129-08.1_gdc_realn	C495.TCGA-CV-7437-10A-01D-2129-08.1_gdc_realn.bam	C495.TCGA-CV-7437-10A-01D-2129-08.1_gdc_realn.bai	project-G428g40Jf312vx5727kY9KXZ:file-G82qkyjJBFzy6Z5Z5VGJ0Z7J	project-G428g40Jf312vx5727kY9KXZ:file-G82qp5jJBFzQxK1jFqq3ybY6
C495.TCGA-CV-A6JD-10A-01D-A31J-08.1_gdc_realn	C495.TCGA-CV-A6JD-10A-01D-A31J-08.1_gdc_realn.bam	C495.TCGA-CV-A6JD-10A-01D-A31J-08.1_gdc_realn.bai	project-G428g40Jf312vx5727kY9KXZ:file-G82qky0JykKVgKY11kz1jg8y	project-G428g40Jf312vx5727kY9KXZ:file-G82qp58JykKQxp3ZB4fVvV8y
C495.TCGA-CV-7242-10A-01D-2013-08.1_gdc_realn	C495.TCGA-CV-7242-10A-01D-2013-08.1_gdc_realn.bam	C495.TCGA-CV-7242-10A-01D-2013-08.1_gdc_realn.bai	project-G428g40Jf312vx5727kY9KXZ:file-G82qkq8J0vBv7pzZGPZ61pZZ	project-G428g40Jf312vx5727kY9KXZ:file-G82qp2jJ0vBb7886B5Y7P1q1
C495.TCGA-CV-7434-10A-01D-2129-08.2_gdc_realn	C495.TCGA-CV-7434-10A-01D-2129-08.2_gdc_realn.bam	C495.TCGA-CV-7434-10A-01D-2129-08.2_gdc_realn.bai	project-G428g40Jf312vx5727kY9KXZ:file-G82qkvjJj1kKp2FP3BxJ8q7j	project-G428g40Jf312vx5727kY9KXZ:file-G82qp2jJj1kJb1J03Bq2YQ5P
C495.TCGA-CV-7236-10A-01D-2013-08.1_gdc_realn	C495.TCGA-CV-7236-10A-01D-2013-08.1_gdc_realn.bam	C495.TCGA-CV-7236-10A-01D-2013-08.1_gdc_realn.bai	project-G428g40Jf312vx5727kY9KXZ:file-G82qkbjJzq0fb2Pk5VXVxBGg	project-G428g40Jf312vx5727kY9KXZ:file-G82qkyjJzq0QvY9vFf0jF4Xb
C495.TCGA-CV-A6K1-10A-01D-A31J-08.1_gdc_realn	C495.TCGA-CV-A6K1-10A-01D-A31J-08.1_gdc_realn.bam	C495.TCGA-CV-A6K1-10A-01D-A31J-08.1_gdc_realn.bai	project-G428g40Jf312vx5727kY9KXZ:file-G82qkk0JyZZf7vQPGQYVkPgx	project-G428g40Jf312vx5727kY9KXZ:file-G82qkyQJyZZQ3Jjf3Bp0z324
C495.TCGA-CV-7568-10A-01D-2229-08.1_gdc_realn	C495.TCGA-CV-7568-10A-01D-2229-08.1_gdc_realn.bam	C495.TCGA-CV-7568-10A-01D-2229-08.1_gdc_realn.bai	project-G428g40Jf312vx5727kY9KXZ:file-G82qkk0Jjfvb7886B5Y7P1pk	project-G428g40Jf312vx5727kY9KXZ:file-G82qkyQJjfvjxFpqFf81fPJ1
C495.TCGA-CV-7263-10A-01D-2013-08.1_gdc_realn	C495.TCGA-CV-7263-10A-01D-2013-08.1_gdc_realn.bam	C495.TCGA-CV-7263-10A-01D-2013-08.1_gdc_realn.bai	project-G428g40Jf312vx5727kY9KXZ:file-G82qkb8J9X4BXK3498KjQvFj	project-G428g40Jf312vx5727kY9KXZ:file-G82qky0J9X46kb9x48k7VP20
C495.TCGA-CV-7183-10A-01D-2013-08.1_gdc_realn	C495.TCGA-CV-7183-10A-01D-2013-08.1_gdc_realn.bam	C495.TCGA-CV-7183-10A-01D-2013-08.1_gdc_realn.bai	project-G428g40Jf312vx5727kY9KXZ:file-G82qkfQJ9p21gKY11kz1jg8p	project-G428g40Jf312vx5727kY9KXZ:file-G82qkxjJ9p20yVyB48YQFGPq
C495.TCGA-CV-7433-10A-01D-2129-08.4_gdc_realn	C495.TCGA-CV-7433-10A-01D-2129-08.4_gdc_realn.bam	C495.TCGA-CV-7433-10A-01D-2129-08.4_gdc_realn.bai	project-G428g40Jf312vx5727kY9KXZ:file-G82qkf8JvJ620Y259JfvGBfJ	project-G428g40Jf312vx5727kY9KXZ:file-G82qkx0JvJ6KKyzQB55KffFb
C495.TCGA-CV-7180-10A-01D-2013-08.1_gdc_realn	C495.TCGA-CV-7180-10A-01D-2013-08.1_gdc_realn.bam	C495.TCGA-CV-7180-10A-01D-2013-08.1_gdc_realn.bai	project-G428g40Jf312vx5727kY9KXZ:file-G82qkYQJ94F03Jjf3Bp0z31v	project-G428g40Jf312vx5727kY9KXZ:file-G82qkv0J94FGjVyzGQ5yJ9pf
C495.TCGA-CV-A468-10A-01D-A25Y-08.2_gdc_realn	C495.TCGA-CV-A468-10A-01D-A25Y-08.2_gdc_realn.bam	C495.TCGA-CV-A468-10A-01D-A25Y-08.2_gdc_realn.bai	project-G428g40Jf312vx5727kY9KXZ:file-G82qkXjJK7V7g7pvFfq1zvvF	project-G428g40Jf312vx5727kY9KXZ:file-G82qkkQJK7V8JxgZFfVFPyk1
C495.TCGA-CV-A6JZ-10A-01D-A31J-08.1_gdc_realn	C495.TCGA-CV-A6JZ-10A-01D-A31J-08.1_gdc_realn.bam	C495.TCGA-CV-A6JZ-10A-01D-A31J-08.1_gdc_realn.bai	project-G428g40Jf312vx5727kY9KXZ:file-G82qkY8J0fz0xp3ZB4fVvV8P	project-G428g40Jf312vx5727kY9KXZ:file-G82qkk8J0fz7V1q11kxQp93Y
TCGA-D5-5541-10A-02D-1650-10_Illumina_gdc_realn	TCGA-D5-5541-10A-02D-1650-10_Illumina_gdc_realn.bam	TCGA-D5-5541-10A-02D-1650-10_Illumina_gdc_realn.bai	project-G428g40Jf312vx5727kY9KXZ:file-G82qjg0JGxjKp2FP3BxJ8q31	project-G428g40Jf312vx5727kY9KXZ:file-G82qkbQJGxj1gKY11kz1jg8j
C495.TCGA-CV-A45W-10A-01D-A25E-08.2_gdc_realn	C495.TCGA-CV-A45W-10A-01D-A25E-08.2_gdc_realn.bam	C495.TCGA-CV-A45W-10A-01D-A25E-08.2_gdc_realn.bai	project-G428g40Jf312vx5727kY9KXZ:file-G82qkQ0Jpkyvfb991pppPgzV	project-G428g40Jf312vx5727kY9KXZ:file-G82qkbQJpkypf79YGQ501GZF
C495.TCGA-CV-A45T-10A-01D-A24F-08.1_gdc_realn	C495.TCGA-CV-A45T-10A-01D-A24F-08.1_gdc_realn.bam	C495.TCGA-CV-A45T-10A-01D-A24F-08.1_gdc_realn.bai	project-G428g40Jf312vx5727kY9KXZ:file-G82qkKQJbz472vpZB4y9fVxY	project-G428g40Jf312vx5727kY9KXZ:file-G82qkb8Jbz4JzfxY97Zy7YX5
C495.TCGA-CV-7235-10A-01D-2013-08.1_gdc_realn	C495.TCGA-CV-7235-10A-01D-2013-08.1_gdc_realn.bam	C495.TCGA-CV-7235-10A-01D-2013-08.1_gdc_realn.bai	project-G428g40Jf312vx5727kY9KXZ:file-G82qk68J6Y12vPjk3ByzB01g	project-G428g40Jf312vx5727kY9KXZ:file-G82qkKQJ6Y16b2Pk5VXVx971
C495.TCGA-CV-7100-10A-01D-2013-08.1_gdc_realn	C495.TCGA-CV-7100-10A-01D-2013-08.1_gdc_realn.bam	C495.TCGA-CV-7100-10A-01D-2013-08.1_gdc_realn.bai	project-G428g40Jf312vx5727kY9KXZ:file-G82qk60JYfXfb2Pk5VXVx96F	project-G428g40Jf312vx5727kY9KXZ:file-G82qkJQJYfXVPjKzKf7Vy5gk
C495.TCGA-CV-7414-10A-01D-2078-08.1_gdc_realn	C495.TCGA-CV-7414-10A-01D-2078-08.1_gdc_realn.bam	C495.TCGA-CV-7414-10A-01D-2078-08.1_gdc_realn.bai	project-G428g40Jf312vx5727kY9KXZ:file-G82qk10J11Fx7GXfJ3y55Z96	project-G428g40Jf312vx5727kY9KXZ:file-G82qk70J11Fyp2FP3BxJ8q6f
C495.TCGA-CV-7250-10A-01D-2013-08.1_gdc_realn	C495.TCGA-CV-7250-10A-01D-2013-08.1_gdc_realn.bam	C495.TCGA-CV-7250-10A-01D-2013-08.1_gdc_realn.bai	project-G428g40Jf312vx5727kY9KXZ:file-G82qjy0JjBf1PjKzKf7Vy5fG	project-G428g40Jf312vx5727kY9KXZ:file-G82qk68JjBf0xK1jFqq3ybXg
C495.TCGA-CV-7446-10A-01D-2229-08.3_gdc_realn	C495.TCGA-CV-7446-10A-01D-2229-08.3_gdc_realn.bam	C495.TCGA-CV-7446-10A-01D-2229-08.3_gdc_realn.bai	project-G428g40Jf312vx5727kY9KXZ:file-G82qjzQJ4bvJPbJK1p4Pq34y	project-G428g40Jf312vx5727kY9KXZ:file-G82qk5QJ4bv65by59Jb23pzK
C495.TCGA-CV-A45Y-10A-01D-A25E-08.2_gdc_realn	C495.TCGA-CV-A45Y-10A-01D-A25E-08.2_gdc_realn.bam	C495.TCGA-CV-A45Y-10A-01D-A25E-08.2_gdc_realn.bai	project-G428g40Jf312vx5727kY9KXZ:file-G82qk0QJY4q8XPP09KG7419x	project-G428g40Jf312vx5727kY9KXZ:file-G82qk58JY4q1PjKzKf7Vy5g8
C495.TCGA-CV-7255-10A-01D-2013-08.1_gdc_realn	C495.TCGA-CV-7255-10A-01D-2013-08.1_gdc_realn.bam	C495.TCGA-CV-7255-10A-01D-2013-08.1_gdc_realn.bai	project-G428g40Jf312vx5727kY9KXZ:file-G82qjZjJyfqKKyzQB55Kff71	project-G428g40Jf312vx5727kY9KXZ:file-G82qjv0Jyfq87bgq5Qq9Z8Zy
C495.TCGA-CV-7177-10A-01D-2013-08.1_gdc_realn	C495.TCGA-CV-7177-10A-01D-2013-08.1_gdc_realn.bam	C495.TCGA-CV-7177-10A-01D-2013-08.1_gdc_realn.bai	project-G428g40Jf312vx5727kY9KXZ:file-G82qjYQJ0Z420Y259JfvGBVp	project-G428g40Jf312vx5727kY9KXZ:file-G82qjpjJ0Z48x88j9Kb77y8q
C495.TCGA-CV-A45V-10A-01D-A25E-08.2_gdc_realn	C495.TCGA-CV-A45V-10A-01D-A25E-08.2_gdc_realn.bam	C495.TCGA-CV-A45V-10A-01D-A25E-08.2_gdc_realn.bai	project-G428g40Jf312vx5727kY9KXZ:file-G82qjb0JP32BV6Y11q3p818y	project-G428g40Jf312vx5727kY9KXZ:file-G82qjp8JP32JzfxY97Zy7YPg
TCGA-D5-5539-10A-01D-1650-10_Illumina_gdc_realn	TCGA-D5-5539-10A-01D-1650-10_Illumina_gdc_realn.bam	TCGA-D5-5539-10A-01D-1650-10_Illumina_gdc_realn.bai	project-G428g40Jf312vx5727kY9KXZ:file-G82qgx0JZbJ65by59Jb23pZ5	project-G428g40Jf312vx5727kY9KXZ:file-G82qjf0JZbJ8x88j9Kb77y7G
C495.TCGA-CV-7245-10A-01D-2013-08.1_gdc_realn	C495.TCGA-CV-7245-10A-01D-2013-08.1_gdc_realn.bam	C495.TCGA-CV-7245-10A-01D-2013-08.1_gdc_realn.bai	project-G428g40Jf312vx5727kY9KXZ:file-G82qj80JjqxvQQp3GPfyq129	project-G428g40Jf312vx5727kY9KXZ:file-G82qjPQJjqxVgKY11kz1jg0g
C495.TCGA-CV-7254-10A-01D-2013-08.1_gdc_realn	C495.TCGA-CV-7254-10A-01D-2013-08.1_gdc_realn.bam	C495.TCGA-CV-7254-10A-01D-2013-08.1_gdc_realn.bai	project-G428g40Jf312vx5727kY9KXZ:file-G82qj68J5gj1gFVXFqz1694X	project-G428g40Jf312vx5727kY9KXZ:file-G82qjJjJ5gj84Vv4FbqXkVb9
C495.TCGA-CV-A6K0-10A-01D-A31J-08.1_gdc_realn	C495.TCGA-CV-A6K0-10A-01D-A31J-08.1_gdc_realn.bam	C495.TCGA-CV-A6K0-10A-01D-A31J-08.1_gdc_realn.bai	project-G428g40Jf312vx5727kY9KXZ:file-G82qj5jJ81vXxbGJB503vX65	project-G428g40Jf312vx5727kY9KXZ:file-G82qjJ0J81vg2ZK29JzY5qpV
C495.TCGA-CV-7410-10A-01D-2078-08.3_gdc_realn	C495.TCGA-CV-7410-10A-01D-2078-08.3_gdc_realn.bam	C495.TCGA-CV-7410-10A-01D-2078-08.3_gdc_realn.bai	project-G428g40Jf312vx5727kY9KXZ:file-G82qj68JkG572ZK29JzY5qkP	project-G428g40Jf312vx5727kY9KXZ:file-G82qjGQJkG54q0qvB6yBXjjx
C495.TCGA-CV-7425-10A-01D-2078-08.1_gdc_realn	C495.TCGA-CV-7425-10A-01D-2078-08.1_gdc_realn.bam	C495.TCGA-CV-7425-10A-01D-2078-08.1_gdc_realn.bai	project-G428g40Jf312vx5727kY9KXZ:file-G82qj18JkYkxPbJK1p4Pq2kq	project-G428g40Jf312vx5727kY9KXZ:file-G82qj68JkYkjYX57B5YVXfPx
C495.TCGA-CV-7432-10A-01D-2129-08.1_gdc_realn	C495.TCGA-CV-7432-10A-01D-2129-08.1_gdc_realn.bam	C495.TCGA-CV-7432-10A-01D-2129-08.1_gdc_realn.bai	project-G428g40Jf312vx5727kY9KXZ:file-G82qgv0JqZkBV6Y11q3p813G	project-G428g40Jf312vx5727kY9KXZ:file-G82qj2QJqZkJ7GXfJ3y55Yz7
C495.TCGA-CV-7178-10A-01D-2013-08.1_gdc_realn	C495.TCGA-CV-7178-10A-01D-2013-08.1_gdc_realn.bam	C495.TCGA-CV-7178-10A-01D-2013-08.1_gdc_realn.bai	project-G428g40Jf312vx5727kY9KXZ:file-G82qgp8Jf67BV6Y11q3p812p	project-G428g40Jf312vx5727kY9KXZ:file-G82qj18Jf6772ZK29JzY5qg1
TCGA-D5-5538-10A-02D-1650-10_hg19_Illumina_gdc_realn	TCGA-D5-5538-10A-02D-1650-10_hg19_Illumina_gdc_realn.bam	TCGA-D5-5538-10A-02D-1650-10_hg19_Illumina_gdc_realn.bai	project-G428g40Jf312vx5727kY9KXZ:file-G82qg98J0XbKp2FP3BxJ8pkF	project-G428g40Jf312vx5727kY9KXZ:file-G82qgzjJ0XbBV6Y11q3p8141
C495.TCGA-CV-A6JU-10A-01D-A31J-08.1_gdc_realn	C495.TCGA-CV-A6JU-10A-01D-A31J-08.1_gdc_realn.bam	C495.TCGA-CV-A6JU-10A-01D-A31J-08.1_gdc_realn.bai	project-G428g40Jf312vx5727kY9KXZ:file-G82qggQJ3gP5FJ7gFv2GgfXP	project-G428g40Jf312vx5727kY9KXZ:file-G82qgv8J3gPKp2FP3BxJ8pxB
C495.TCGA-CV-7435-10A-01D-2129-08.1_gdc_realn	C495.TCGA-CV-7435-10A-01D-2129-08.1_gdc_realn.bam	C495.TCGA-CV-7435-10A-01D-2129-08.1_gdc_realn.bai	project-G428g40Jf312vx5727kY9KXZ:file-G82qgbQJjKX8YX57B5YVXfB3	project-G428g40Jf312vx5727kY9KXZ:file-G82qgqjJjKX8x88j9Kb77xy9
C495.TCGA-CV-A45O-10A-01D-A24F-08.1_gdc_realn	C495.TCGA-CV-A45O-10A-01D-A24F-08.1_gdc_realn.bam	C495.TCGA-CV-A45O-10A-01D-A24F-08.1_gdc_realn.bai	project-G428g40Jf312vx5727kY9KXZ:file-G82qgbQJKkPG6vyZ9K57KQKy	project-G428g40Jf312vx5727kY9KXZ:file-G82qgp8JKkP6666x5QB802P0
C495.TCGA-CV-A45Q-10A-01D-A24F-08.1_gdc_realn	C495.TCGA-CV-A45Q-10A-01D-A24F-08.1_gdc_realn.bam	C495.TCGA-CV-A45Q-10A-01D-A24F-08.1_gdc_realn.bai	project-G428g40Jf312vx5727kY9KXZ:file-G82qgYjJJ9Qg2vpZB4y9fVB6	project-G428g40Jf312vx5727kY9KXZ:file-G82qgkQJJ9QvbbpP490zQXbQ
C495.TCGA-CX-7086-10D-01D-2078-08.1_gdc_realn	C495.TCGA-CX-7086-10D-01D-2078-08.1_gdc_realn.bam	C495.TCGA-CX-7086-10D-01D-2078-08.1_gdc_realn.bai	project-G428g40Jf312vx5727kY9KXZ:file-G82qgZ8J5BFyKyzQB55KfbvF	project-G428g40Jf312vx5727kY9KXZ:file-G82qgk0J5BFg3XKy5QKJPx1Q
C495.TCGA-CV-A45P-10A-01D-A24F-08.1_gdc_realn	C495.TCGA-CV-A45P-10A-01D-A24F-08.1_gdc_realn.bam	C495.TCGA-CV-A45P-10A-01D-A24F-08.1_gdc_realn.bai	project-G428g40Jf312vx5727kY9KXZ:file-G82qgFQJJVVj4Vv4FbqXkVJ1	project-G428g40Jf312vx5727kY9KXZ:file-G82qgQ8JJVVpkpfX5V60yQbK
C495.TCGA-CV-7424-10A-01D-2078-08.3_gdc_realn	C495.TCGA-CV-7424-10A-01D-2078-08.3_gdc_realn.bam	C495.TCGA-CV-7424-10A-01D-2078-08.3_gdc_realn.bai	project-G428g40Jf312vx5727kY9KXZ:file-G82qg90J1GGf7vQPGQYVkPBX	project-G428g40Jf312vx5727kY9KXZ:file-G82qgKQJ1GGjJxgZFfVFPyBY
C495.TCGA-CV-7416-10A-01D-2078-08.1_gdc_realn	C495.TCGA-CV-7416-10A-01D-2078-08.1_gdc_realn.bam	C495.TCGA-CV-7416-10A-01D-2078-08.1_gdc_realn.bai	project-G428g40Jf312vx5727kY9KXZ:file-G82qg6QJkGpj8352Fqg2XQQg	project-G428g40Jf312vx5727kY9KXZ:file-G82qgGjJkGpX0Y259JfvGB87
C495.TCGA-CV-A45X-10A-01D-A25E-08.2_gdc_realn	C495.TCGA-CV-A45X-10A-01D-A25E-08.2_gdc_realn.bam	C495.TCGA-CV-A45X-10A-01D-A25E-08.2_gdc_realn.bai	project-G428g40Jf312vx5727kY9KXZ:file-G82qg5jJQ0qgjGk0GBfgKz7G	project-G428g40Jf312vx5727kY9KXZ:file-G82qgB8JQ0qjz3X51pJxXzx0
C495.TCGA-CV-A6JE-10A-01D-A31J-08.1_gdc_realn	C495.TCGA-CV-A6JE-10A-01D-A31J-08.1_gdc_realn.bam	C495.TCGA-CV-A6JE-10A-01D-A31J-08.1_gdc_realn.bai	project-G428g40Jf312vx5727kY9KXZ:file-G82qg40J3kk843V73BqV1Fxj	project-G428g40Jf312vx5727kY9KXZ:file-G82qg98J3kkB0bZ7FbvV46vv
TCGA-D1-A17B-10A-01D-A12J-09_IlluminaGA-DNASeq_exome_gdc_realn	TCGA-D1-A17B-10A-01D-A12J-09_IlluminaGA-DNASeq_exome_gdc_realn.bam	TCGA-D1-A17B-10A-01D-A12J-09_IlluminaGA-DNASeq_exome_gdc_realn.bai	project-G428g40Jf312vx5727kY9KXZ:file-G82qfJ0JYyV2xbGJB503vVkq	project-G428g40Jf312vx5727kY9KXZ:file-G82qfz0JYyV1gKY11kz1jfgY
C495.TCGA-CV-7422-10A-01D-2078-08.1_gdc_realn	C495.TCGA-CV-7422-10A-01D-2078-08.1_gdc_realn.bam	C495.TCGA-CV-7422-10A-01D-2078-08.1_gdc_realn.bai	project-G428g40Jf312vx5727kY9KXZ:file-G82qfk8JJ0873XKy5QKJPvxP	project-G428g40Jf312vx5727kY9KXZ:file-G82qfyQJJ08Gfb991pppPfGG
TCGA-D1-A16S-10A-01D-A12J-09_IlluminaGA-DNASeq_exome_gdc_realn	TCGA-D1-A16S-10A-01D-A12J-09_IlluminaGA-DNASeq_exome_gdc_realn.bam	TCGA-D1-A16S-10A-01D-A12J-09_IlluminaGA-DNASeq_exome_gdc_realn.bai	project-G428g40Jf312vx5727kY9KXZ:file-G82qf6jJ13B72vpZB4y9fV3g	project-G428g40Jf312vx5727kY9KXZ:file-G82qfgjJ13B8XPP09KG740pX
TCGA-D5-6531-10A-01D-1719-10_hg19_Illumina_gdc_realn	TCGA-D5-6531-10A-01D-1719-10_hg19_Illumina_gdc_realn.bam	TCGA-D5-6531-10A-01D-1719-10_hg19_Illumina_gdc_realn.bai	project-G428g40Jf312vx5727kY9KXZ:file-G82qf6jJ7k920Y259JfvG8GZ	project-G428g40Jf312vx5727kY9KXZ:file-G82qfbjJ7k99z1Vk1pvfgxY6
TCGA-D1-A17M-10A-01D-A12J-09_IlluminaGA-DNASeq_exome_gdc_realn	TCGA-D1-A17M-10A-01D-A12J-09_IlluminaGA-DNASeq_exome_gdc_realn.bam	TCGA-D1-A17M-10A-01D-A12J-09_IlluminaGA-DNASeq_exome_gdc_realn.bai	project-G428g40Jf312vx5727kY9KXZ:file-G82qf38Jy5Z8x88j9Kb77xYq	project-G428g40Jf312vx5727kY9KXZ:file-G82qfYQJy5Z88352Fqg2XQPQ
C495.TCGA-CV-7411-10A-01D-2078-08.1_gdc_realn	C495.TCGA-CV-7411-10A-01D-2078-08.1_gdc_realn.bam	C495.TCGA-CV-7411-10A-01D-2078-08.1_gdc_realn.bai	project-G428g40Jf312vx5727kY9KXZ:file-G82qfJjJZpb72ZK29JzY5qPq	project-G428g40Jf312vx5727kY9KXZ:file-G82qfY0JZpb38FYz9K10G3YV
C495.TCGA-CV-7421-10A-01D-2078-08.1_gdc_realn	C495.TCGA-CV-7421-10A-01D-2078-08.1_gdc_realn.bam	C495.TCGA-CV-7421-10A-01D-2078-08.1_gdc_realn.bai	project-G428g40Jf312vx5727kY9KXZ:file-G82qfBQJ3Vz8z3X51pJxXzkj	project-G428g40Jf312vx5727kY9KXZ:file-G82qfQQJ3VzGqKpKFvVy0j4P
C495.TCGA-CV-7413-10A-01D-2078-08.1_gdc_realn	C495.TCGA-CV-7413-10A-01D-2078-08.1_gdc_realn.bam	C495.TCGA-CV-7413-10A-01D-2078-08.1_gdc_realn.bai	project-G428g40Jf312vx5727kY9KXZ:file-G82qbyQJY31zK4Q5K7ZjGz91	project-G428g40Jf312vx5727kY9KXZ:file-G82qf38JY31jzyXf3Bk2641z
C495.TCGA-CV-7407-10A-01D-2078-08.1_gdc_realn	C495.TCGA-CV-7407-10A-01D-2078-08.1_gdc_realn.bam	C495.TCGA-CV-7407-10A-01D-2078-08.1_gdc_realn.bai	project-G428g40Jf312vx5727kY9KXZ:file-G82qbk8J166Kp2FP3BxJ8pXk	project-G428g40Jf312vx5727kY9KXZ:file-G82qbyQJ166BkpfX5V60yQPv
C495.TCGA-CX-A4AQ-10A-01D-A25E-08.2_gdc_realn	C495.TCGA-CX-A4AQ-10A-01D-A25E-08.2_gdc_realn.bam	C495.TCGA-CX-A4AQ-10A-01D-A25E-08.2_gdc_realn.bai	project-G428g40Jf312vx5727kY9KXZ:file-G82qbX8J3ZZYf5qY48ZZVQYQ	project-G428g40Jf312vx5727kY9KXZ:file-G82qbg8J3ZZQ3Jjf3Bp0z1QB
TCGA-D5-5537-10A-01D-1924-10_hg19_Illumina_gdc_realn	TCGA-D5-5537-10A-01D-1924-10_hg19_Illumina_gdc_realn.bam	TCGA-D5-5537-10A-01D-1924-10_hg19_Illumina_gdc_realn.bai	project-G428g40Jf312vx5727kY9KXZ:file-G82qb9QJP0v7jGk0GBfgKz2p	project-G428g40Jf312vx5727kY9KXZ:file-G82qbZQJP0v3f5qY48ZZVQYX
C495.TCGA-CV-7099-10A-01D-2013-08.1_gdc_realn	C495.TCGA-CV-7099-10A-01D-2013-08.1_gdc_realn.bam	C495.TCGA-CV-7099-10A-01D-2013-08.1_gdc_realn.bai	project-G428g40Jf312vx5727kY9KXZ:file-G82qbB8J18J757QY480K366z	project-G428g40Jf312vx5727kY9KXZ:file-G82qbXQJ18J2vPjk3Byz9z6J
TCGA-D1-A16N-10A-01D-A12J-09_IlluminaGA-DNASeq_exome_gdc_realn	TCGA-D1-A16N-10A-01D-A12J-09_IlluminaGA-DNASeq_exome_gdc_realn.bam	TCGA-D1-A16N-10A-01D-A12J-09_IlluminaGA-DNASeq_exome_gdc_realn.bai	project-G428g40Jf312vx5727kY9KXZ:file-G82qb1jJ75x6kb9x48k7VKF8	project-G428g40Jf312vx5727kY9KXZ:file-G82qbKQJ75x20Y259JfvG8F9
C495.TCGA-CV-7418-10A-01D-2078-08.1_gdc_realn	C495.TCGA-CV-7418-10A-01D-2078-08.1_gdc_realn.bam	C495.TCGA-CV-7418-10A-01D-2078-08.1_gdc_realn.bai	project-G428g40Jf312vx5727kY9KXZ:file-G82qb8QJ9kb054493Bf9PYgG	project-G428g40Jf312vx5727kY9KXZ:file-G82qbK0J9kb2F01fGPV9K24Z
TCGA-D1-A0ZR-10A-01D-A10M-09_IlluminaGA-DNASeq_exome_gdc_realn	TCGA-D1-A0ZR-10A-01D-A10M-09_IlluminaGA-DNASeq_exome_gdc_realn.bam	TCGA-D1-A0ZR-10A-01D-A10M-09_IlluminaGA-DNASeq_exome_gdc_realn.bai	project-G428g40Jf312vx5727kY9KXZ:file-G82qZfjJvY6vjVyzGQ5yJ95B	project-G428g40Jf312vx5727kY9KXZ:file-G82qb3jJvY6fPvFy97XpBFy9
C495.TCGA-CV-A45Z-10A-01D-A25E-08.2_gdc_realn	C495.TCGA-CV-A45Z-10A-01D-A25E-08.2_gdc_realn.bam	C495.TCGA-CV-A45Z-10A-01D-A25E-08.2_gdc_realn.bai	project-G428g40Jf312vx5727kY9KXZ:file-G82qZv0JxyjVPKpjGPY345QY	project-G428g40Jf312vx5727kY9KXZ:file-G82qb10Jxyjvfb991pppPZv9
C495.TCGA-CV-7427-10A-01D-2078-08.1_gdc_realn	C495.TCGA-CV-7427-10A-01D-2078-08.1_gdc_realn.bam	C495.TCGA-CV-7427-10A-01D-2078-08.1_gdc_realn.bai	project-G428g40Jf312vx5727kY9KXZ:file-G82qZF8JJKp2vPjk3Byz9z2X	project-G428g40Jf312vx5727kY9KXZ:file-G82qZQ0JJKpGbbpP490zQX9x
C495.TCGA-CV-7406-10A-01D-2078-08.1_gdc_realn	C495.TCGA-CV-7406-10A-01D-2078-08.1_gdc_realn.bam	C495.TCGA-CV-7406-10A-01D-2078-08.1_gdc_realn.bai	project-G428g40Jf312vx5727kY9KXZ:file-G82qZ9jJV58g3XKy5QKJPqZj	project-G428g40Jf312vx5727kY9KXZ:file-G82qZP0JV58QxK1jFqq3yZKp
C495.TCGA-CV-7423-10A-01D-2078-08.1_gdc_realn	C495.TCGA-CV-7423-10A-01D-2078-08.1_gdc_realn.bam	C495.TCGA-CV-7423-10A-01D-2078-08.1_gdc_realn.bai	project-G428g40Jf312vx5727kY9KXZ:file-G82qZ2jJZfK7jGk0GBfgKyFf	project-G428g40Jf312vx5727kY9KXZ:file-G82qZ78JZfK7g7pvFfq1zpzB
C495.TCGA-CV-7415-10A-01D-2078-08.1_gdc_realn	C495.TCGA-CV-7415-10A-01D-2078-08.1_gdc_realn.bam	C495.TCGA-CV-7415-10A-01D-2078-08.1_gdc_realn.bai	project-G428g40Jf312vx5727kY9KXZ:file-G82qYV0J1jgg3XKy5QKJPqP0	project-G428g40Jf312vx5727kY9KXZ:file-G82qYf8J1jgjv7259KPz16kx
C495.TCGA-CV-7091-10A-01D-2013-08.1_gdc_realn	C495.TCGA-CV-7091-10A-01D-2013-08.1_gdc_realn.bam	C495.TCGA-CV-7091-10A-01D-2013-08.1_gdc_realn.bai	project-G428g40Jf312vx5727kY9KXZ:file-G82qX1QJGX5646473BvJYBKX	project-G428g40Jf312vx5727kY9KXZ:file-G82qX78JGX58z3X51pJxXzBx
C495.TCGA-CX-7085-10A-01D-2013-08.1_gdc_realn	C495.TCGA-CX-7085-10A-01D-2013-08.1_gdc_realn.bam	C495.TCGA-CX-7085-10A-01D-2013-08.1_gdc_realn.bai	project-G428g40Jf312vx5727kY9KXZ:file-G82qVFjJJ8z87bgq5Qq9Z7JP	project-G428g40Jf312vx5727kY9KXZ:file-G82qVX0JJ8zJb1J03Bq2YP0z
C495.TCGA-CV-7097-10A-01D-2013-08.1_gdc_realn	C495.TCGA-CV-7097-10A-01D-2013-08.1_gdc_realn.bam	C495.TCGA-CV-7097-10A-01D-2013-08.1_gdc_realn.bai	project-G428g40Jf312vx5727kY9KXZ:file-G82qQz0JFJX843V73BqV1F43	project-G428g40Jf312vx5727kY9KXZ:file-G82qV68JFJX0yY94FbpV6xKJ
C495.TCGA-CV-A6K2-10A-01D-A31J-08.1_gdc_realn	C495.TCGA-CV-A6K2-10A-01D-A31J-08.1_gdc_realn.bam	C495.TCGA-CV-A6K2-10A-01D-A31J-08.1_gdc_realn.bai	project-G428g40Jf312vx5727kY9KXZ:file-G82qQqQJ663PK4Q5K7ZjGy2F	project-G428g40Jf312vx5727kY9KXZ:file-G82qV10J6630yVyB48YQFBpB
C495.TCGA-CV-7090-10A-01D-2013-08.1_gdc_realn	C495.TCGA-CV-7090-10A-01D-2013-08.1_gdc_realn.bam	C495.TCGA-CV-7090-10A-01D-2013-08.1_gdc_realn.bai	project-G428g40Jf312vx5727kY9KXZ:file-G82qQ08J8Xjv7pzZGPZ61jVy	project-G428g40Jf312vx5727kY9KXZ:file-G82qQ5QJ8XjfXzFv97Z9yZVJ
C495.TCGA-CV-7252-10A-01D-2013-08.1_gdc_realn	C495.TCGA-CV-7252-10A-01D-2013-08.1_gdc_realn.bam	C495.TCGA-CV-7252-10A-01D-2013-08.1_gdc_realn.bai	project-G428g40Jf312vx5727kY9KXZ:file-G82qPkjJ1gx2xbGJB503vPqF	project-G428g40Jf312vx5727kY9KXZ:file-G82qQ1jJ1gx843V73BqV1By9
C495.TCGA-CV-A460-10A-01D-A25E-08.2_gdc_realn	C495.TCGA-CV-A460-10A-01D-A25E-08.2_gdc_realn.bam	C495.TCGA-CV-A460-10A-01D-A25E-08.2_gdc_realn.bai	project-G428g40Jf312vx5727kY9KXZ:file-G82qP1jJ50PpkpfX5V60yPJ4	project-G428g40Jf312vx5727kY9KXZ:file-G82qP5QJ50Py6Z5Z5VGJ0X81
C495.TCGA-CV-7095-10A-01D-2013-08.1_gdc_realn	C495.TCGA-CV-7095-10A-01D-2013-08.1_gdc_realn.bam	C495.TCGA-CV-7095-10A-01D-2013-08.1_gdc_realn.bai	project-G428g40Jf312vx5727kY9KXZ:file-G82qJxjJp9Pf7vQPGQYVkGb2	project-G428g40Jf312vx5727kY9KXZ:file-G82qK3QJp9Pf7vQPGQYVkGb7
C495.TCGA-CV-6962-10A-01D-1912-08.4_gdc_realn	C495.TCGA-CV-6962-10A-01D-1912-08.4_gdc_realn.bam	C495.TCGA-CV-6962-10A-01D-1912-08.4_gdc_realn.bai	project-G428g40Jf312vx5727kY9KXZ:file-G82qFP8JQb51PKpjGPY343BZ	project-G428g40Jf312vx5727kY9KXZ:file-G82qFf0JQb50xp3ZB4fVvKP5
C495.TCGA-CV-7089-10A-01D-2013-08.1_gdc_realn	C495.TCGA-CV-7089-10A-01D-2013-08.1_gdc_realn.bam	C495.TCGA-CV-7089-10A-01D-2013-08.1_gdc_realn.bai	project-G428g40Jf312vx5727kY9KXZ:file-G82qBxQJ35kvfb991pppPXzZ	project-G428g40Jf312vx5727kY9KXZ:file-G82qF2jJ35kQyY94FbpV6v7y
C495.TCGA-CV-6961-10A-01D-1912-08.4_gdc_realn	C495.TCGA-CV-6961-10A-01D-1912-08.4_gdc_realn.bam	C495.TCGA-CV-6961-10A-01D-1912-08.4_gdc_realn.bai	project-G428g40Jf312vx5727kY9KXZ:file-G82qBgjJvqXfPvFy97XpBB9X	project-G428g40Jf312vx5727kY9KXZ:file-G82qBxjJvqXpkpfX5V60yKQX
C495.TCGA-CV-6960-10A-01D-2013-08.1_gdc_realn	C495.TCGA-CV-6960-10A-01D-2013-08.1_gdc_realn.bam	C495.TCGA-CV-6960-10A-01D-2013-08.1_gdc_realn.bai	project-G428g40Jf312vx5727kY9KXZ:file-G82qB48JGfbg2ZK29JzY5jpv	project-G428g40Jf312vx5727kY9KXZ:file-G82qB9jJGfbpkpfX5V60yKJK
C495.TCGA-CV-6959-10A-01D-1912-08.4_gdc_realn	C495.TCGA-CV-6959-10A-01D-1912-08.4_gdc_realn.bam	C495.TCGA-CV-6959-10A-01D-1912-08.4_gdc_realn.bai	project-G428g40Jf312vx5727kY9KXZ:file-G82q9bjJ6Xxjv7259KPz1553	project-G428g40Jf312vx5727kY9KXZ:file-G82q9q0J6Xxj7bgq5Qq9Z629
C495.TCGA-CV-6955-10A-01D-2013-08.1_gdc_realn	C495.TCGA-CV-6955-10A-01D-2013-08.1_gdc_realn.bam	C495.TCGA-CV-6955-10A-01D-2013-08.1_gdc_realn.bai	project-G428g40Jf312vx5727kY9KXZ:file-G82q990J7Vbx7GXfJ3y55PzG	project-G428g40Jf312vx5727kY9KXZ:file-G82q9P0J7VbvqKpKFvVy0bX1
C495.TCGA-CV-6956-10A-01D-2013-08.1_gdc_realn	C495.TCGA-CV-6956-10A-01D-2013-08.1_gdc_realn.bam	C495.TCGA-CV-6956-10A-01D-2013-08.1_gdc_realn.bai	project-G428g40Jf312vx5727kY9KXZ:file-G82q950J1B4g3XKy5QKJPk9F	project-G428g40Jf312vx5727kY9KXZ:file-G82q9B8J1B4X4bfJ47QP6qBX
C495.TCGA-CV-6954-10A-01D-1912-08.4_gdc_realn	C495.TCGA-CV-6954-10A-01D-1912-08.4_gdc_realn.bam	C495.TCGA-CV-6954-10A-01D-1912-08.4_gdc_realn.bai	project-G428g40Jf312vx5727kY9KXZ:file-G82q8g8JG5p0vY9vFf0jF15F	project-G428g40Jf312vx5727kY9KXZ:file-G82q8vjJG5p8xFpqFf81fBq8
C494.TCGA-CS-4942-10A-01D-1468-08.3_gdc_realn	C494.TCGA-CS-4942-10A-01D-1468-08.3_gdc_realn.bam	C494.TCGA-CS-4942-10A-01D-1468-08.3_gdc_realn.bai	project-G428g40Jf312vx5727kY9KXZ:file-G82pqgQJvjzxkvfVFbf9Zbbf	project-G428g40Jf312vx5727kY9KXZ:file-G82pv3QJvjzjz3X51pJxXqgj
C494.TCGA-CS-5390-10A-01D-1468-08.3_gdc_realn	C494.TCGA-CS-5390-10A-01D-1468-08.3_gdc_realn.bam	C494.TCGA-CS-5390-10A-01D-1468-08.3_gdc_realn.bai	project-G428g40Jf312vx5727kY9KXZ:file-G82pqbjJ9gYXvPjk3Byz9J9x	project-G428g40Jf312vx5727kY9KXZ:file-G82pv20J9gYj7bgq5Qq9Z40y
C494.TCGA-CS-6669-10A-01D-1893-08.6_gdc_realn	C494.TCGA-CS-6669-10A-01D-1893-08.6_gdc_realn.bam	C494.TCGA-CS-6669-10A-01D-1893-08.6_gdc_realn.bai	project-G428g40Jf312vx5727kY9KXZ:file-G82pqQQJyVkJkvfVFbf9Zbb6	project-G428g40Jf312vx5727kY9KXZ:file-G82pqv8JyVk567fy5V8Z0XZF
C494.TCGA-CS-4943-10A-01D-1468-08.3_gdc_realn	C494.TCGA-CS-4943-10A-01D-1468-08.3_gdc_realn.bam	C494.TCGA-CS-4943-10A-01D-1468-08.3_gdc_realn.bai	project-G428g40Jf312vx5727kY9KXZ:file-G82pqGQJ1qfp0bZ7FbvV41zJ	project-G428g40Jf312vx5727kY9KXZ:file-G82pqj8J1qfk6q961pZP25Qk
C494.TCGA-CS-4941-10A-01D-1468-08.3_gdc_realn	C494.TCGA-CS-4941-10A-01D-1468-08.3_gdc_realn.bam	C494.TCGA-CS-4941-10A-01D-1468-08.3_gdc_realn.bai	project-G428g40Jf312vx5727kY9KXZ:file-G82pq90JkkFJkvfVFbf9ZbZf	project-G428g40Jf312vx5727kY9KXZ:file-G82pqZQJkkF0xK1jFqq3yQFP
C495.TCGA-CV-6952-10A-01D-1912-08.4_gdc_realn	C495.TCGA-CV-6952-10A-01D-1912-08.4_gdc_realn.bam	C495.TCGA-CV-6952-10A-01D-1912-08.4_gdc_realn.bai	project-G428g40Jf312vx5727kY9KXZ:file-G82pqQjJ0JxGjVyzGQ5yJ51P	project-G428g40Jf312vx5727kY9KXZ:file-G82pqf0J0Jx5Bp505V6x5Xk4
C495.TCGA-CV-6950-10A-01D-1912-08.4_gdc_realn	C495.TCGA-CV-6950-10A-01D-1912-08.4_gdc_realn.bam	C495.TCGA-CV-6950-10A-01D-1912-08.4_gdc_realn.bai	project-G428g40Jf312vx5727kY9KXZ:file-G82pqP0JyyvbFJ7gFv2GgVF1	project-G428g40Jf312vx5727kY9KXZ:file-G82pqZjJyyvQyVyB48YQF696
C495.TCGA-CV-6940-10A-01D-1912-08.4_gdc_realn	C495.TCGA-CV-6940-10A-01D-1912-08.4_gdc_realn.bam	C495.TCGA-CV-6940-10A-01D-1912-08.4_gdc_realn.bai	project-G428g40Jf312vx5727kY9KXZ:file-G82pqP0J9BggV1q11kxQp3X1	project-G428g40Jf312vx5727kY9KXZ:file-G82pqb0J9BgjYX57B5YVXVkK
C500.TCGA-CU-A0YO-10A-01D-A10S-08.5_gdc_realn	C500.TCGA-CU-A0YO-10A-01D-A10S-08.5_gdc_realn.bam	C500.TCGA-CU-A0YO-10A-01D-A10S-08.5_gdc_realn.bai	project-G428g40Jf312vx5727kY9KXZ:file-G82pq5QJYBJ7V1q11kxQp3VV	project-G428g40Jf312vx5727kY9KXZ:file-G82pqQQJYBJ5Bp505V6x5XjX
C494.TCGA-CS-5395-10A-01D-1468-08.3_gdc_realn	C494.TCGA-CS-5395-10A-01D-1468-08.3_gdc_realn.bam	C494.TCGA-CS-5395-10A-01D-1468-08.3_gdc_realn.bai	project-G428g40Jf312vx5727kY9KXZ:file-G82pq60J76g8z3X51pJxXqbj	project-G428g40Jf312vx5727kY9KXZ:file-G82pqQ8J76g8xFpqFf81f8zq
C495.TCGA-CV-6943-10A-01D-1912-08.4_gdc_realn	C495.TCGA-CV-6943-10A-01D-1912-08.4_gdc_realn.bam	C495.TCGA-CV-6943-10A-01D-1912-08.4_gdc_realn.bai	project-G428g40Jf312vx5727kY9KXZ:file-G82pq8jJKZ3VgFVXFqz1636Q	project-G428g40Jf312vx5727kY9KXZ:file-G82pqK8JKZ3xb1J03Bq2YBgX
C495.TCGA-CV-6953-10A-01D-1912-08.4_gdc_realn	C495.TCGA-CV-6953-10A-01D-1912-08.4_gdc_realn.bam	C495.TCGA-CV-6953-10A-01D-1912-08.4_gdc_realn.bai	project-G428g40Jf312vx5727kY9KXZ:file-G82pq5jJX98BkpfX5V60yGg5	project-G428g40Jf312vx5727kY9KXZ:file-G82pqFQJX98843V73BqV1839
C494.TCGA-CS-5393-10A-01D-1468-08.3_gdc_realn	C494.TCGA-CS-5393-10A-01D-1468-08.3_gdc_realn.bam	C494.TCGA-CS-5393-10A-01D-1468-08.3_gdc_realn.bai	project-G428g40Jf312vx5727kY9KXZ:file-G82ppv0Jy09VgKY11kz1jQqZ	project-G428g40Jf312vx5727kY9KXZ:file-G82pq88Jy09Q54493Bf9PP5g
C495.TCGA-CV-6945-10A-01D-1912-08.4_gdc_realn	C495.TCGA-CV-6945-10A-01D-1912-08.4_gdc_realn.bam	C495.TCGA-CV-6945-10A-01D-1912-08.4_gdc_realn.bai	project-G428g40Jf312vx5727kY9KXZ:file-G82pq0QJP38GqKpKFvVy0YYY	project-G428g40Jf312vx5727kY9KXZ:file-G82pq6QJP3857886B5Y7KxJ5
C495.TCGA-CV-6951-10A-01D-1912-08.4_gdc_realn	C495.TCGA-CV-6951-10A-01D-1912-08.4_gdc_realn.bam	C495.TCGA-CV-6951-10A-01D-1912-08.4_gdc_realn.bai	project-G428g40Jf312vx5727kY9KXZ:file-G82ppyjJb6X73XKy5QKJPg1P	project-G428g40Jf312vx5727kY9KXZ:file-G82pq40Jb6X20Y259JfvG479
C495.TCGA-CV-6948-10A-01D-1912-08.4_gdc_realn	C495.TCGA-CV-6948-10A-01D-1912-08.4_gdc_realn.bam	C495.TCGA-CV-6948-10A-01D-1912-08.4_gdc_realn.bai	project-G428g40Jf312vx5727kY9KXZ:file-G82ppvQJF96j7bgq5Qq9Z3yV	project-G428g40Jf312vx5727kY9KXZ:file-G82pq28JF96QyY94FbpV6p7V
C495.TCGA-CV-5434-10A-01D-1870-08.4_gdc_realn	C495.TCGA-CV-5434-10A-01D-1870-08.4_gdc_realn.bam	C495.TCGA-CV-5434-10A-01D-1870-08.4_gdc_realn.bai	project-G428g40Jf312vx5727kY9KXZ:file-G82ppkjJg6zjFpBKB4p39f7z	project-G428g40Jf312vx5727kY9KXZ:file-G82pq1QJg6zzK4Q5K7ZjGp2v
C495.TCGA-CV-6941-10A-01D-1912-08.4_gdc_realn	C495.TCGA-CV-6941-10A-01D-1912-08.4_gdc_realn.bam	C495.TCGA-CV-6941-10A-01D-1912-08.4_gdc_realn.bai	project-G428g40Jf312vx5727kY9KXZ:file-G82pppQJX6vxb1J03Bq2YBfZ	project-G428g40Jf312vx5727kY9KXZ:file-G82ppzjJX6vxb1J03Bq2YBfz
C495.TCGA-CR-7399-10A-01D-2013-08.1_gdc_realn	C495.TCGA-CR-7399-10A-01D-2013-08.1_gdc_realn.bam	C495.TCGA-CR-7399-10A-01D-2013-08.1_gdc_realn.bai	project-G428g40Jf312vx5727kY9KXZ:file-G82ppV0Jb77XxbGJB503vG3v	project-G428g40Jf312vx5727kY9KXZ:file-G82ppqQJb77X0Y259JfvG46p
C494.TCGA-CS-5396-10A-01D-1468-08.3_gdc_realn	C494.TCGA-CS-5396-10A-01D-1468-08.3_gdc_realn.bam	C494.TCGA-CS-5396-10A-01D-1468-08.3_gdc_realn.bai	project-G428g40Jf312vx5727kY9KXZ:file-G82ppY8JJpkjx88j9Kb77kKz	project-G428g40Jf312vx5727kY9KXZ:file-G82ppy8JJpkj8352Fqg2XF5G
C494.TCGA-CS-5394-10A-01D-1468-08.4_gdc_realn	C494.TCGA-CS-5394-10A-01D-1468-08.4_gdc_realn.bam	C494.TCGA-CS-5394-10A-01D-1468-08.4_gdc_realn.bai	project-G428g40Jf312vx5727kY9KXZ:file-G82ppX8JK0fp8ygGGQ8YQbg6	project-G428g40Jf312vx5727kY9KXZ:file-G82ppxQJK0ff7vQPGQYVkB5X
C495.TCGA-CV-6942-10A-01D-2013-08.1_gdc_realn	C495.TCGA-CV-6942-10A-01D-2013-08.1_gdc_realn.bam	C495.TCGA-CV-6942-10A-01D-2013-08.1_gdc_realn.bai	project-G428g40Jf312vx5727kY9KXZ:file-G82ppgjJ2Yj84Vv4FbqXkJ3B	project-G428g40Jf312vx5727kY9KXZ:file-G82ppx8J2YjGfb991pppPQ5z
C495.TCGA-CV-6939-10A-01D-1912-08.4_gdc_realn	C495.TCGA-CV-6939-10A-01D-1912-08.4_gdc_realn.bam	C495.TCGA-CV-6939-10A-01D-1912-08.4_gdc_realn.bai	project-G428g40Jf312vx5727kY9KXZ:file-G82ppf0Jkz0Gfb991pppPQ5f	project-G428g40Jf312vx5727kY9KXZ:file-G82ppq8Jkz0567fy5V8Z0XXB
C495.TCGA-CR-7398-10A-01D-2013-08.1_gdc_realn	C495.TCGA-CR-7398-10A-01D-2013-08.1_gdc_realn.bam	C495.TCGA-CR-7398-10A-01D-2013-08.1_gdc_realn.bai	project-G428g40Jf312vx5727kY9KXZ:file-G82ppPjJ8kkbBp505V6x5Xf2	project-G428g40Jf312vx5727kY9KXZ:file-G82pppjJ8kkp0bZ7FbvV41yB
C495.TCGA-CV-5435-10A-01D-1870-08.4_gdc_realn	C495.TCGA-CV-5435-10A-01D-1870-08.4_gdc_realn.bam	C495.TCGA-CV-5435-10A-01D-1870-08.4_gdc_realn.bai	project-G428g40Jf312vx5727kY9KXZ:file-G82ppQjJ7X06kb9x48k7V8qx	project-G428g40Jf312vx5727kY9KXZ:file-G82ppjQJ7X0PK4Q5K7ZjGp2B
C495.TCGA-CR-7401-10A-01D-2013-08.1_gdc_realn	C495.TCGA-CR-7401-10A-01D-2013-08.1_gdc_realn.bam	C495.TCGA-CR-7401-10A-01D-2013-08.1_gdc_realn.bai	project-G428g40Jf312vx5727kY9KXZ:file-G82pp9jJ9ZVpXK3498KjQbQG	project-G428g40Jf312vx5727kY9KXZ:file-G82ppZ0J9ZVxzfxY97Zy7GGy
C500.TCGA-CU-A3KJ-10A-01D-A21A-08.3_gdc_realn	C500.TCGA-CU-A3KJ-10A-01D-A21A-08.3_gdc_realn.bam	C500.TCGA-CU-A3KJ-10A-01D-A21A-08.3_gdc_realn.bai	project-G428g40Jf312vx5727kY9KXZ:file-G82ppBQJYK1Zq0qvB6yBXXjY	project-G428g40Jf312vx5727kY9KXZ:file-G82ppX0JYK1fPvFy97XpB84z
C500.TCGA-CU-A0YR-10A-01D-A10S-08.5_gdc_realn	C500.TCGA-CU-A0YR-10A-01D-A10S-08.5_gdc_realn.bam	C500.TCGA-CU-A0YR-10A-01D-A10S-08.5_gdc_realn.bai	project-G428g40Jf312vx5727kY9KXZ:file-G82pp50Jfk95Bp505V6x5Xb6	project-G428g40Jf312vx5727kY9KXZ:file-G82ppV8Jfk9Kp2FP3BxJ8b0X
C495.TCGA-CV-5970-10A-01D-1870-08.4_gdc_realn	C495.TCGA-CV-5970-10A-01D-1870-08.4_gdc_realn.bam	C495.TCGA-CV-5970-10A-01D-1870-08.4_gdc_realn.bai	project-G428g40Jf312vx5727kY9KXZ:file-G82pp98JZJy0yY94FbpV6p5X	project-G428g40Jf312vx5727kY9KXZ:file-G82ppQjJZJyBkpfX5V60yGbX
C495.TCGA-CV-5432-10A-01D-1870-08.4_gdc_realn	C495.TCGA-CV-5432-10A-01D-1870-08.4_gdc_realn.bam	C495.TCGA-CV-5432-10A-01D-1870-08.4_gdc_realn.bai	project-G428g40Jf312vx5727kY9KXZ:file-G82pp6jJF20Yf5qY48ZZVGGv	project-G428g40Jf312vx5727kY9KXZ:file-G82ppP0JF20pXK3498KjQbVG
C495.TCGA-CV-5436-10A-01D-1870-08.5_gdc_realn	C495.TCGA-CV-5436-10A-01D-1870-08.5_gdc_realn.bam	C495.TCGA-CV-5436-10A-01D-1870-08.5_gdc_realn.bai	project-G428g40Jf312vx5727kY9KXZ:file-G82pp3jJGF4qb31FFqbXqYgj	project-G428g40Jf312vx5727kY9KXZ:file-G82ppF8JGF4XvPjk3Byz9J66
C494.TCGA-CS-6665-10A-01D-1893-08.6_gdc_realn	C494.TCGA-CS-6665-10A-01D-1893-08.6_gdc_realn.bam	C494.TCGA-CS-6665-10A-01D-1893-08.6_gdc_realn.bai	project-G428g40Jf312vx5727kY9KXZ:file-G82pp18J0378YX57B5YVXVfB	project-G428g40Jf312vx5727kY9KXZ:file-G82pp8QJ0370xK1jFqq3yQ80
C494.TCGA-CS-6670-10A-01D-1893-08.6_gdc_realn	C494.TCGA-CS-6670-10A-01D-1893-08.6_gdc_realn.bam	C494.TCGA-CS-6670-10A-01D-1893-08.6_gdc_realn.bai	project-G428g40Jf312vx5727kY9KXZ:file-G82pkzQJvYZ88352Fqg2XF2Z	project-G428g40Jf312vx5727kY9KXZ:file-G82pp78JvYZ0xp3ZB4fVvG1Y
C495.TCGA-CR-7397-10A-01D-2013-08.1_gdc_realn	C495.TCGA-CR-7397-10A-01D-2013-08.1_gdc_realn.bam	C495.TCGA-CR-7397-10A-01D-2013-08.1_gdc_realn.bai	project-G428g40Jf312vx5727kY9KXZ:file-G82pkx8JFb2xFPzQFvg2jX6f	project-G428g40Jf312vx5727kY9KXZ:file-G82pp5jJFb2zK4Q5K7ZjGp0y
C494.TCGA-CS-4938-10A-01D-1893-08.6_gdc_realn	C494.TCGA-CS-4938-10A-01D-1893-08.6_gdc_realn.bam	C494.TCGA-CS-4938-10A-01D-1893-08.6_gdc_realn.bai	project-G428g40Jf312vx5727kY9KXZ:file-G82pkp8JV5p84Vv4FbqXkJ14	project-G428g40Jf312vx5727kY9KXZ:file-G82pp2jJV5p03Jjf3Bp0yx88
C495.TCGA-CV-6938-10A-01D-1912-08.4_gdc_realn	C495.TCGA-CV-6938-10A-01D-1912-08.4_gdc_realn.bam	C495.TCGA-CV-6938-10A-01D-1912-08.4_gdc_realn.bai	project-G428g40Jf312vx5727kY9KXZ:file-G82pkx0Jz980xK1jFqq3yQ75	project-G428g40Jf312vx5727kY9KXZ:file-G82pp2QJz982xbGJB503vG2G
C494.TCGA-CS-5397-10A-03D-1893-08.6_gdc_realn	C494.TCGA-CS-5397-10A-03D-1893-08.6_gdc_realn.bam	C494.TCGA-CS-5397-10A-03D-1893-08.6_gdc_realn.bai	project-G428g40Jf312vx5727kY9KXZ:file-G82pkkQJ9KyfXzFv97Z9yPGQ	project-G428g40Jf312vx5727kY9KXZ:file-G82pp10J9KygV1q11kxQp3Q1
C494.TCGA-CS-6668-10A-01D-1893-08.6_gdc_realn	C494.TCGA-CS-6668-10A-01D-1893-08.6_gdc_realn.bam	C494.TCGA-CS-6668-10A-01D-1893-08.6_gdc_realn.bai	project-G428g40Jf312vx5727kY9KXZ:file-G82pkb0JG18xb1J03Bq2YBYp	project-G428g40Jf312vx5727kY9KXZ:file-G82pkvQJG18VPjKzKf7Vy1Z7
C495.TCGA-CV-5430-10A-01D-1870-08.4_gdc_realn	C495.TCGA-CV-5430-10A-01D-1870-08.4_gdc_realn.bam	C495.TCGA-CV-5430-10A-01D-1870-08.4_gdc_realn.bai	project-G428g40Jf312vx5727kY9KXZ:file-G82pkZQJ27gJkvfVFbf9ZbVB	project-G428g40Jf312vx5727kY9KXZ:file-G82pkv8J27gGQQp3GPfypv3B
C495.TCGA-CV-6937-10A-01D-2013-08.1_gdc_realn	C495.TCGA-CV-6937-10A-01D-2013-08.1_gdc_realn.bam	C495.TCGA-CV-6937-10A-01D-2013-08.1_gdc_realn.bai	project-G428g40Jf312vx5727kY9KXZ:file-G82pkf0Jx7Gxb1J03Bq2YBYv	project-G428g40Jf312vx5727kY9KXZ:file-G82pkqQJx7Gf5by59Jb23fZj
C495.TCGA-CV-6936-10A-01D-1912-08.4_gdc_realn	C495.TCGA-CV-6936-10A-01D-1912-08.4_gdc_realn.bam	C495.TCGA-CV-6936-10A-01D-1912-08.4_gdc_realn.bai	project-G428g40Jf312vx5727kY9KXZ:file-G82pkX8Jxb4757QY480K307f	project-G428g40Jf312vx5727kY9KXZ:file-G82pkgQJxb473XKy5QKJPfyB
C494.TCGA-CS-6666-10A-01D-1893-08.6_gdc_realn	C494.TCGA-CS-6666-10A-01D-1893-08.6_gdc_realn.bam	C494.TCGA-CS-6666-10A-01D-1893-08.6_gdc_realn.bai	project-G428g40Jf312vx5727kY9KXZ:file-G82pk9jJY9Yj8352Fqg2XF19	project-G428g40Jf312vx5727kY9KXZ:file-G82pkV8JY9YpkpfX5V60yGY7
C495.TCGA-CR-7393-10A-01D-2013-08.1_gdc_realn	C495.TCGA-CR-7393-10A-01D-2013-08.1_gdc_realn.bam	C495.TCGA-CR-7393-10A-01D-2013-08.1_gdc_realn.bai	project-G428g40Jf312vx5727kY9KXZ:file-G82pjvjJ13zVgFVXFqz162xk	project-G428g40Jf312vx5727kY9KXZ:file-G82pk78J13zxFPzQFvg2jX4Z
C495.TCGA-CV-6934-10A-01D-1912-08.4_gdc_realn	C495.TCGA-CV-6934-10A-01D-1912-08.4_gdc_realn.bam	C495.TCGA-CV-6934-10A-01D-1912-08.4_gdc_realn.bai	project-G428g40Jf312vx5727kY9KXZ:file-G82pjg8Jj0XPK4Q5K7ZjGkvv	project-G428g40Jf312vx5727kY9KXZ:file-G82pjx0Jj0X8XPP09KG73vZx
C495.TCGA-CV-5966-10A-01D-1870-08.4_gdc_realn	C495.TCGA-CV-5966-10A-01D-1870-08.4_gdc_realn.bam	C495.TCGA-CV-5966-10A-01D-1870-08.4_gdc_realn.bai	project-G428g40Jf312vx5727kY9KXZ:file-G82pjZ0JyQg8z3X51pJxXqK2	project-G428g40Jf312vx5727kY9KXZ:file-G82pjpjJyQgPK4Q5K7ZjGkxQ
C495.TCGA-CR-7395-10A-01D-2013-08.1_gdc_realn	C495.TCGA-CR-7395-10A-01D-2013-08.1_gdc_realn.bam	C495.TCGA-CR-7395-10A-01D-2013-08.1_gdc_realn.bai	project-G428g40Jf312vx5727kY9KXZ:file-G82pjQjJ0Qz96q961pZP2597	project-G428g40Jf312vx5727kY9KXZ:file-G82pjj0J0Qz72ZK29JzY5fq3
C494.TCGA-CS-6667-10A-01D-2024-08.1_gdc_realn	C494.TCGA-CS-6667-10A-01D-2024-08.1_gdc_realn.bam	C494.TCGA-CS-6667-10A-01D-2024-08.1_gdc_realn.bai	project-G428g40Jf312vx5727kY9KXZ:file-G82pjK8JbYXYf5qY48ZZVG6f	project-G428g40Jf312vx5727kY9KXZ:file-G82pjZ8JbYXQ3Jjf3Bp0yx4K
C495.TCGA-CV-6933-10A-01D-1912-08.4_gdc_realn	C495.TCGA-CV-6933-10A-01D-1912-08.4_gdc_realn.bam	C495.TCGA-CV-6933-10A-01D-1912-08.4_gdc_realn.bai	project-G428g40Jf312vx5727kY9KXZ:file-G82pjBQJPfQY8FYz9K10FyyY	project-G428g40Jf312vx5727kY9KXZ:file-G82pjQjJPfQfkb9x48k7V8gG
C495.TCGA-CR-7404-10A-01D-2129-08.1_gdc_realn	C495.TCGA-CR-7404-10A-01D-2129-08.1_gdc_realn.bam	C495.TCGA-CR-7404-10A-01D-2129-08.1_gdc_realn.bai	project-G428g40Jf312vx5727kY9KXZ:file-G82pj8jJpj0jXPP09KG73vVX	project-G428g40Jf312vx5727kY9KXZ:file-G82pjPjJpj0b67fy5V8Z0XF4
C500.TCGA-CU-A5W6-10A-01D-A289-08.4_gdc_realn	C500.TCGA-CU-A5W6-10A-01D-A289-08.4_gdc_realn.bam	C500.TCGA-CU-A5W6-10A-01D-A289-08.4_gdc_realn.bai	project-G428g40Jf312vx5727kY9KXZ:file-G82pgyQJ96BzK4Q5K7ZjGkqZ	project-G428g40Jf312vx5727kY9KXZ:file-G82pj4QJ96Bb7886B5Y7Kx5X
C495.TCGA-CR-7391-10A-01D-2013-08.1_gdc_realn	C495.TCGA-CR-7391-10A-01D-2013-08.1_gdc_realn.bam	C495.TCGA-CR-7391-10A-01D-2013-08.1_gdc_realn.bai	project-G428g40Jf312vx5727kY9KXZ:file-G82pgqQJz67gV1q11kxQp39P	project-G428g40Jf312vx5727kY9KXZ:file-G82pj3QJz67VgKY11kz1jQb0
C495.TCGA-CR-7372-10A-01D-2013-08.1_gdc_realn	C495.TCGA-CR-7372-10A-01D-2013-08.1_gdc_realn.bam	C495.TCGA-CR-7372-10A-01D-2013-08.1_gdc_realn.bai	project-G428g40Jf312vx5727kY9KXZ:file-G82pgj8J91zZq85J97vf9vXQ	project-G428g40Jf312vx5727kY9KXZ:file-G82pj08J91zQxK1jFqq3yQ2J
C495.TCGA-CR-7379-10A-01D-2013-08.1_gdc_realn	C495.TCGA-CR-7379-10A-01D-2013-08.1_gdc_realn.bam	C495.TCGA-CR-7379-10A-01D-2013-08.1_gdc_realn.bai	project-G428g40Jf312vx5727kY9KXZ:file-G82pgV8JFq6J7GXfJ3y55Jxv	project-G428g40Jf312vx5727kY9KXZ:file-G82pgk0JFq6JFPzQFvg2jX0X
C495.TCGA-CR-7389-10A-01D-2013-08.1_gdc_realn	C495.TCGA-CR-7389-10A-01D-2013-08.1_gdc_realn.bam	C495.TCGA-CR-7389-10A-01D-2013-08.1_gdc_realn.bai	project-G428g40Jf312vx5727kY9KXZ:file-G82pgQjJqJB9z1Vk1pvfgjFg	project-G428g40Jf312vx5727kY9KXZ:file-G82pgk0JqJB5Bp505V6x5X57
C495.TCGA-CR-7392-10A-01D-2013-08.1_gdc_realn	C495.TCGA-CR-7392-10A-01D-2013-08.1_gdc_realn.bam	C495.TCGA-CR-7392-10A-01D-2013-08.1_gdc_realn.bai	project-G428g40Jf312vx5727kY9KXZ:file-G82pgGQJ752Q54493Bf9PKq1	project-G428g40Jf312vx5727kY9KXZ:file-G82pggjJ752bBp505V6x5X51
C500.TCGA-CU-A3QU-10B-01D-A22Z-08.9_gdc_realn	C500.TCGA-CU-A3QU-10B-01D-A22Z-08.9_gdc_realn.bam	C500.TCGA-CU-A3QU-10B-01D-A22Z-08.9_gdc_realn.bai	project-G428g40Jf312vx5727kY9KXZ:file-G82pgV8JY2q7g7pvFfq1zfyX	project-G428g40Jf312vx5727kY9KXZ:file-G82pgg0JY2qFb31FFqbXqYVB
C495.TCGA-CR-7388-10A-01D-2013-08.1_gdc_realn	C495.TCGA-CR-7388-10A-01D-2013-08.1_gdc_realn.bam	C495.TCGA-CR-7388-10A-01D-2013-08.1_gdc_realn.bai	project-G428g40Jf312vx5727kY9KXZ:file-G82pgB8JkX3b67fy5V8Z0X8k	project-G428g40Jf312vx5727kY9KXZ:file-G82pgX0JkX3pf79YGQ5015zJ
C494.TCGA-CS-6186-10A-01D-2024-08.1_gdc_realn	C494.TCGA-CS-6186-10A-01D-2024-08.1_gdc_realn.bam	C494.TCGA-CS-6186-10A-01D-2024-08.1_gdc_realn.bai	project-G428g40Jf312vx5727kY9KXZ:file-G82pg8QJ3GQ8zyXf3Bk25y8z	project-G428g40Jf312vx5727kY9KXZ:file-G82pgK0J3GQGjVyzGQ5yJ4jP
C495.TCGA-CR-7386-10A-01D-2013-08.1_gdc_realn	C495.TCGA-CR-7386-10A-01D-2013-08.1_gdc_realn.bam	C495.TCGA-CR-7386-10A-01D-2013-08.1_gdc_realn.bai	project-G428g40Jf312vx5727kY9KXZ:file-G82pg18JBg20vY9vFf0jBz73	project-G428g40Jf312vx5727kY9KXZ:file-G82pg8jJBg21gFVXFqz162pG
C494.TCGA-CS-6290-10A-01D-1705-08.5_gdc_realn	C494.TCGA-CS-6290-10A-01D-1705-08.5_gdc_realn.bam	C494.TCGA-CS-6290-10A-01D-1705-08.5_gdc_realn.bai	project-G428g40Jf312vx5727kY9KXZ:file-G82pg1QJg12f7vQPGQYVk9vv	project-G428g40Jf312vx5727kY9KXZ:file-G82pg78Jg12vbbpP490zQKQx
C495.TCGA-CR-7390-10A-01D-2013-08.1_gdc_realn	C495.TCGA-CR-7390-10A-01D-2013-08.1_gdc_realn.bam	C495.TCGA-CR-7390-10A-01D-2013-08.1_gdc_realn.bai	project-G428g40Jf312vx5727kY9KXZ:file-G82pfjjJvvBvjVyzGQ5yJ4gF	project-G428g40Jf312vx5727kY9KXZ:file-G82pg08JvvBQxp3ZB4fVvFjB
C500.TCGA-CU-A72E-10A-01D-A339-08.1_gdc_realn	C500.TCGA-CU-A72E-10A-01D-A339-08.1_gdc_realn.bam	C500.TCGA-CU-A72E-10A-01D-A339-08.1_gdc_realn.bai	project-G428g40Jf312vx5727kY9KXZ:file-G82pfpjJ3ppGqKpKFvVy0Y94	project-G428g40Jf312vx5727kY9KXZ:file-G82pfzjJ3pp2vPjk3Byz9Gq5
C495.TCGA-CR-7373-10A-01D-2013-08.1_gdc_realn	C495.TCGA-CR-7373-10A-01D-2013-08.1_gdc_realn.bam	C495.TCGA-CR-7373-10A-01D-2013-08.1_gdc_realn.bai	project-G428g40Jf312vx5727kY9KXZ:file-G82pfV0JF7Vkz1Vk1pvfgj6Y	project-G428g40Jf312vx5727kY9KXZ:file-G82pfk8JF7VxPbJK1p4Ppxx5
C495.TCGA-CR-7380-10A-01D-2013-08.1_gdc_realn	C495.TCGA-CR-7380-10A-01D-2013-08.1_gdc_realn.bam	C495.TCGA-CR-7380-10A-01D-2013-08.1_gdc_realn.bai	project-G428g40Jf312vx5727kY9KXZ:file-G82pfJ8J4K20yVyB48YQF5yx	project-G428g40Jf312vx5727kY9KXZ:file-G82pfZ8J4K22F01fGPV9Jv14
C495.TCGA-CR-7385-10A-01D-2013-08.1_gdc_realn	C495.TCGA-CR-7385-10A-01D-2013-08.1_gdc_realn.bam	C495.TCGA-CR-7385-10A-01D-2013-08.1_gdc_realn.bai	project-G428g40Jf312vx5727kY9KXZ:file-G82pf20JyQ0VgKY11kz1jPgZ	project-G428g40Jf312vx5727kY9KXZ:file-G82pf9jJyQ0fJBB097QZpb5y
C495.TCGA-CR-7374-10A-01D-2013-08.1_gdc_realn	C495.TCGA-CR-7374-10A-01D-2013-08.1_gdc_realn.bam	C495.TCGA-CR-7374-10A-01D-2013-08.1_gdc_realn.bai	project-G428g40Jf312vx5727kY9KXZ:file-G82pbx8Jv3gBkpfX5V60yGBv	project-G428g40Jf312vx5727kY9KXZ:file-G82pf4QJv3g8z3X51pJxXq7v
C495.TCGA-CR-7383-10A-01D-2129-08.3_gdc_realn	C495.TCGA-CR-7383-10A-01D-2129-08.3_gdc_realn.bam	C495.TCGA-CR-7383-10A-01D-2129-08.3_gdc_realn.bai	project-G428g40Jf312vx5727kY9KXZ:file-G82pbj0JKfxjxFpqFf81f8ZZ	project-G428g40Jf312vx5727kY9KXZ:file-G82pbyjJKfxYf5qY48ZZVG12
C495.TCGA-CR-7394-10A-01D-2013-08.1_gdc_realn	C495.TCGA-CR-7394-10A-01D-2013-08.1_gdc_realn.bam	C495.TCGA-CR-7394-10A-01D-2013-08.1_gdc_realn.bai	project-G428g40Jf312vx5727kY9KXZ:file-G82pbj8JgG9843V73BqV17Kx	project-G428g40Jf312vx5727kY9KXZ:file-G82pby8JgG9Kp2FP3BxJ8ZbQ
C495.TCGA-CR-7376-10A-01D-2129-08.1_gdc_realn	C495.TCGA-CR-7376-10A-01D-2129-08.1_gdc_realn.bam	C495.TCGA-CR-7376-10A-01D-2129-08.1_gdc_realn.bai	project-G428g40Jf312vx5727kY9KXZ:file-G82pZQjJvYkyKyzQB55KfPJ2	project-G428g40Jf312vx5727kY9KXZ:file-G82pZg8JvYkg2ZK29JzY5fJk
C495.TCGA-CR-7382-10A-01D-2129-08.1_gdc_realn	C495.TCGA-CR-7382-10A-01D-2129-08.1_gdc_realn.bam	C495.TCGA-CR-7382-10A-01D-2129-08.1_gdc_realn.bai	project-G428g40Jf312vx5727kY9KXZ:file-G82pZG0Jx0x5FJ7gFv2GgQf6	project-G428g40Jf312vx5727kY9KXZ:file-G82pZVjJx0xJFPzQFvg2jVjz
C494.TCGA-CS-4944-10A-01D-1468-08.3_gdc_realn	C494.TCGA-CS-4944-10A-01D-1468-08.3_gdc_realn.bam	C494.TCGA-CS-4944-10A-01D-1468-08.3_gdc_realn.bai	project-G428g40Jf312vx5727kY9KXZ:file-G82pZ5QJ75jGQQp3GPfypqXb	project-G428g40Jf312vx5727kY9KXZ:file-G82pZV8J75jJkvfVFbf9Zb7G
C495.TCGA-CV-6935-10A-01D-1912-08.4_gdc_realn	C495.TCGA-CV-6935-10A-01D-1912-08.4_gdc_realn.bam	C495.TCGA-CV-6935-10A-01D-1912-08.4_gdc_realn.bai	project-G428g40Jf312vx5727kY9KXZ:file-G82pYv8J7140yVyB48YQF5kj	project-G428g40Jf312vx5727kY9KXZ:file-G82pZ20J714GjVyzGQ5yJ4V8
C494.TCGA-CS-6188-10A-01D-1893-08.6_gdc_realn	C494.TCGA-CS-6188-10A-01D-1893-08.6_gdc_realn.bam	C494.TCGA-CS-6188-10A-01D-1893-08.6_gdc_realn.bai	project-G428g40Jf312vx5727kY9KXZ:file-G82pYY8JBQVgV1q11kxQp2zP	project-G428g40Jf312vx5727kY9KXZ:file-G82pYqQJBQVX0Y259JfvG3b7
C500.TCGA-CU-A3YL-10A-01D-A22Z-08.9_gdc_realn	C500.TCGA-CU-A3YL-10A-01D-A22Z-08.9_gdc_realn.bam	C500.TCGA-CU-A3YL-10A-01D-A22Z-08.9_gdc_realn.bai	project-G428g40Jf312vx5727kY9KXZ:file-G82pY50JBXGZq85J97vf9qpk	project-G428g40Jf312vx5727kY9KXZ:file-G82pYF8JBXGfPvFy97XpB7Qv
C495.TCGA-CR-7402-10A-01D-2013-08.1_gdc_realn	C495.TCGA-CR-7402-10A-01D-2013-08.1_gdc_realn.bam	C495.TCGA-CR-7402-10A-01D-2013-08.1_gdc_realn.bai	project-G428g40Jf312vx5727kY9KXZ:file-G82pXqQJ4pFjv7259KPz12fZ	project-G428g40Jf312vx5727kY9KXZ:file-G82pY30J4pFVPjKzKf7Vy110
C495.TCGA-CR-7377-10A-01D-2013-08.1_gdc_realn	C495.TCGA-CR-7377-10A-01D-2013-08.1_gdc_realn.bam	C495.TCGA-CR-7377-10A-01D-2013-08.1_gdc_realn.bai	project-G428g40Jf312vx5727kY9KXZ:file-G82pX4QJ9P3pKKkY97qYQ5gg	project-G428g40Jf312vx5727kY9KXZ:file-G82pXFjJ9P3x7GXfJ3y55JQz
C495.TCGA-CR-7371-10A-01D-2013-08.1_gdc_realn	C495.TCGA-CR-7371-10A-01D-2013-08.1_gdc_realn.bam	C495.TCGA-CR-7371-10A-01D-2013-08.1_gdc_realn.bai	project-G428g40Jf312vx5727kY9KXZ:file-G82pPBQJzy0KKyzQB55KfJ2F	project-G428g40Jf312vx5727kY9KXZ:file-G82pPX0Jzy0B8ygGGQ8YQZzQ
C495.TCGA-CR-7364-10A-01D-2013-08.1_gdc_realn	C495.TCGA-CR-7364-10A-01D-2013-08.1_gdc_realn.bam	C495.TCGA-CR-7364-10A-01D-2013-08.1_gdc_realn.bai	project-G428g40Jf312vx5727kY9KXZ:file-G82pP9jJj2bfJBB097QZpZjx	project-G428g40Jf312vx5727kY9KXZ:file-G82pPX0Jj2bpXK3498KjQZp5
C495.TCGA-CR-7369-10A-01D-2129-08.1_gdc_realn	C495.TCGA-CR-7369-10A-01D-2129-08.1_gdc_realn.bam	C495.TCGA-CR-7369-10A-01D-2129-08.1_gdc_realn.bai	project-G428g40Jf312vx5727kY9KXZ:file-G82pP8jJJVv7jGk0GBfgKkK2	project-G428g40Jf312vx5727kY9KXZ:file-G82pPQ0JJVv1gKY11kz1jP49
C495.TCGA-CR-7365-10A-01D-2013-08.1_gdc_realn	C495.TCGA-CR-7365-10A-01D-2013-08.1_gdc_realn.bam	C495.TCGA-CR-7365-10A-01D-2013-08.1_gdc_realn.bai	project-G428g40Jf312vx5727kY9KXZ:file-G82pP70J99pv6vyZ9K57KBX0	project-G428g40Jf312vx5727kY9KXZ:file-G82pPP8J99pbBp505V6x5VQq
C495.TCGA-CR-7367-10A-01D-2013-08.1_gdc_realn	C495.TCGA-CR-7367-10A-01D-2013-08.1_gdc_realn.bam	C495.TCGA-CR-7367-10A-01D-2013-08.1_gdc_realn.bai	project-G428g40Jf312vx5727kY9KXZ:file-G82pP2QJx0XjxFpqFf81f83v	project-G428g40Jf312vx5727kY9KXZ:file-G82pPBQJx0XxkvfVFbf9ZZvZ
C495.TCGA-CR-7370-10A-01D-2129-08.1_gdc_realn	C495.TCGA-CR-7370-10A-01D-2129-08.1_gdc_realn.bam	C495.TCGA-CR-7370-10A-01D-2129-08.1_gdc_realn.bai	project-G428g40Jf312vx5727kY9KXZ:file-G82pP20J4k26JBB097QZpKB1	project-G428g40Jf312vx5727kY9KXZ:file-G82pP90J4k28zyXf3Bk25xj7
C495.TCGA-CR-7368-10A-01D-2129-08.1_gdc_realn	C495.TCGA-CR-7368-10A-01D-2129-08.1_gdc_realn.bam	C495.TCGA-CR-7368-10A-01D-2129-08.1_gdc_realn.bai	project-G428g40Jf312vx5727kY9KXZ:file-G82pKqQJgVFGqKpKFvVy0Xp5	project-G428g40Jf312vx5727kY9KXZ:file-G82pP2QJgVFPK4Q5K7ZjGk94
C495.TCGA-CR-6491-10A-01D-1870-08.4_gdc_realn	C495.TCGA-CR-6491-10A-01D-1870-08.4_gdc_realn.bam	C495.TCGA-CR-6491-10A-01D-1870-08.4_gdc_realn.bai	project-G428g40Jf312vx5727kY9KXZ:file-G82p85QJBF5f666x5QB7zv06	project-G428g40Jf312vx5727kY9KXZ:file-G82p8V8JBF5jXPP09KG73qXP
C495.TCGA-CR-5249-10A-01D-1512-08.5_gdc_realn	C495.TCGA-CR-5249-10A-01D-1512-08.5_gdc_realn.bam	C495.TCGA-CR-5249-10A-01D-1512-08.5_gdc_realn.bai	project-G428g40Jf312vx5727kY9KXZ:file-G82p7b8Jpj5x7GXfJ3y55GkJ	project-G428g40Jf312vx5727kY9KXZ:file-G82p80jJpj5Zq0qvB6yBXVZP
TCGA-CM-6171-10A-01D-1650-10_hg19_Illumina_gdc_realn	TCGA-CM-6171-10A-01D-1650-10_hg19_Illumina_gdc_realn.bam	TCGA-CM-6171-10A-01D-1650-10_hg19_Illumina_gdc_realn.bai	project-G428g40Jf312vx5727kY9KXZ:file-G82p6p0J3zVfJBB097QZpJf6	project-G428g40Jf312vx5727kY9KXZ:file-G82p7YQJ3zVjv7259KPz10z4
C495.TCGA-CN-A6V3-10A-01D-A34M-08.2_gdc_realn	C495.TCGA-CN-A6V3-10A-01D-A34M-08.2_gdc_realn.bam	C495.TCGA-CN-A6V3-10A-01D-A34M-08.2_gdc_realn.bai	project-G428g40Jf312vx5727kY9KXZ:file-G82p778J81pVPjKzKf7Vxyv5	project-G428g40Jf312vx5727kY9KXZ:file-G82p7YQJ81pxkvfVFbf9ZZGx
C495.TCGA-CR-6482-10A-01D-1870-08.4_gdc_realn	C495.TCGA-CR-6482-10A-01D-1870-08.4_gdc_realn.bam	C495.TCGA-CR-6482-10A-01D-1870-08.4_gdc_realn.bai	project-G428g40Jf312vx5727kY9KXZ:file-G82p74QJfG1gV1q11kxQp1fZ	project-G428g40Jf312vx5727kY9KXZ:file-G82p7G0JfG1gjGk0GBfgKj94
C495.TCGA-CR-6474-10A-01D-1870-08.4_gdc_realn	C495.TCGA-CR-6474-10A-01D-1870-08.4_gdc_realn.bam	C495.TCGA-CR-6474-10A-01D-1870-08.4_gdc_realn.bai	project-G428g40Jf312vx5727kY9KXZ:file-G82p72jJYpbqb31FFqbXqXQ1	project-G428g40Jf312vx5727kY9KXZ:file-G82p7B8JYpbjv7259KPz10yY
C495.TCGA-CR-6472-10A-01D-1870-08.4_gdc_realn	C495.TCGA-CR-6472-10A-01D-1870-08.4_gdc_realn.bam	C495.TCGA-CR-6472-10A-01D-1870-08.4_gdc_realn.bai	project-G428g40Jf312vx5727kY9KXZ:file-G82p72QJVf7pf79YGQ5013yV	project-G428g40Jf312vx5727kY9KXZ:file-G82p7B0JVf7f666x5QB7zqxq
C495.TCGA-CR-6484-10A-01D-1870-08.4_gdc_realn	C495.TCGA-CR-6484-10A-01D-1870-08.4_gdc_realn.bam	C495.TCGA-CR-6484-10A-01D-1870-08.4_gdc_realn.bai	project-G428g40Jf312vx5727kY9KXZ:file-G82p720JYkJQyY94FbpV6jxX	project-G428g40Jf312vx5727kY9KXZ:file-G82p79QJYkJvbbpP490zQJ3Z
C495.TCGA-CR-6487-10A-01D-1870-08.4_gdc_realn	C495.TCGA-CR-6487-10A-01D-1870-08.4_gdc_realn.bam	C495.TCGA-CR-6487-10A-01D-1870-08.4_gdc_realn.bai	project-G428g40Jf312vx5727kY9KXZ:file-G82p710J30vf666x5QB7zqvz	project-G428g40Jf312vx5727kY9KXZ:file-G82p788J30vfPvFy97XpB5pQ
C495.TCGA-CQ-7069-10A-01D-2394-08.1_gdc_realn	C495.TCGA-CQ-7069-10A-01D-2394-08.1_gdc_realn.bam	C495.TCGA-CQ-7069-10A-01D-2394-08.1_gdc_realn.bai	project-G428g40Jf312vx5727kY9KXZ:file-G82p6z0Jy7ZBV6Y11q3p7p7B	project-G428g40Jf312vx5727kY9KXZ:file-G82p77jJy7Z5Bp505V6x5V2g
C495.TCGA-CR-6477-10A-01D-1870-08.4_gdc_realn	C495.TCGA-CR-6477-10A-01D-1870-08.4_gdc_realn.bam	C495.TCGA-CR-6477-10A-01D-1870-08.4_gdc_realn.bai	project-G428g40Jf312vx5727kY9KXZ:file-G82p6x8J5y887bgq5Qq9Z2VG	project-G428g40Jf312vx5727kY9KXZ:file-G82p74jJ5y8BXK3498KjQPGb
C495.TCGA-CR-6478-10A-01D-1870-08.4_gdc_realn	C495.TCGA-CR-6478-10A-01D-1870-08.4_gdc_realn.bam	C495.TCGA-CR-6478-10A-01D-1870-08.4_gdc_realn.bai	project-G428g40Jf312vx5727kY9KXZ:file-G82p6qjJjGQ6PvFy97XpB14y	project-G428g40Jf312vx5727kY9KXZ:file-G82p72QJjGQ0yVyB48YQF4x5
C495.TCGA-CQ-A4CI-10A-01D-A25Y-08.2_gdc_realn	C495.TCGA-CQ-A4CI-10A-01D-A25Y-08.2_gdc_realn.bam	C495.TCGA-CQ-A4CI-10A-01D-A25Y-08.2_gdc_realn.bai	project-G428g40Jf312vx5727kY9KXZ:file-G82p6q8JBF71gKY11kz1j9xP	project-G428g40Jf312vx5727kY9KXZ:file-G82p72QJBF7843V73BqV16Qb
C495.TCGA-CR-6467-10A-01D-1870-08.4_gdc_realn	C495.TCGA-CR-6467-10A-01D-1870-08.4_gdc_realn.bam	C495.TCGA-CR-6467-10A-01D-1870-08.4_gdc_realn.bai	project-G428g40Jf312vx5727kY9KXZ:file-G82p6p8Jx4Xxb1J03Bq2Y8Jf	project-G428g40Jf312vx5727kY9KXZ:file-G82p718Jx4XXvPjk3Byz9Fx2
C495.TCGA-CR-6473-10A-01D-1870-08.4_gdc_realn	C495.TCGA-CR-6473-10A-01D-1870-08.4_gdc_realn.bam	C495.TCGA-CR-6473-10A-01D-1870-08.4_gdc_realn.bai	project-G428g40Jf312vx5727kY9KXZ:file-G82p6kjJ09Q72vpZB4y9fBvZ	project-G428g40Jf312vx5727kY9KXZ:file-G82p70jJ09Q567fy5V8Z0V1J
C495.TCGA-CR-6480-10A-01D-1870-08.4_gdc_realn	C495.TCGA-CR-6480-10A-01D-1870-08.4_gdc_realn.bam	C495.TCGA-CR-6480-10A-01D-1870-08.4_gdc_realn.bai	project-G428g40Jf312vx5727kY9KXZ:file-G82p6jjJ2q6BkpfX5V60yFFZ	project-G428g40Jf312vx5727kY9KXZ:file-G82p6z0J2q62xbGJB503vB8v
C495.TCGA-CR-6470-10A-01D-1870-08.4_gdc_realn	C495.TCGA-CR-6470-10A-01D-1870-08.4_gdc_realn.bam	C495.TCGA-CR-6470-10A-01D-1870-08.4_gdc_realn.bai	project-G428g40Jf312vx5727kY9KXZ:file-G82p6gQJpbf1PjKzKf7VxyKb	project-G428g40Jf312vx5727kY9KXZ:file-G82p6yjJpbf72ZK29JzY5Z6G
TCGA-CM-6161-10A-01D-1650-10_hg19_Illumina_gdc_realn	TCGA-CM-6161-10A-01D-1650-10_hg19_Illumina_gdc_realn.bam	TCGA-CM-6161-10A-01D-1650-10_hg19_Illumina_gdc_realn.bai	project-G428g40Jf312vx5727kY9KXZ:file-G82p630JyK77jGk0GBfgKj6V	project-G428g40Jf312vx5727kY9KXZ:file-G82p6y0JyK7646473BvJY55F
C495.TCGA-CR-5243-10A-01D-1512-08.6_gdc_realn	C495.TCGA-CR-5243-10A-01D-1512-08.6_gdc_realn.bam	C495.TCGA-CR-5243-10A-01D-1512-08.6_gdc_realn.bai	project-G428g40Jf312vx5727kY9KXZ:file-G82p6g8JZQ36PvFy97XpB14f	project-G428g40Jf312vx5727kY9KXZ:file-G82p6yQJZQ3JzfxY97Zy7F4Q
C495.TCGA-CN-A6V7-10A-01D-A34M-08.2_gdc_realn	C495.TCGA-CN-A6V7-10A-01D-A34M-08.2_gdc_realn.bam	C495.TCGA-CN-A6V7-10A-01D-A34M-08.2_gdc_realn.bai	project-G428g40Jf312vx5727kY9KXZ:file-G82p6YQJg6QVPKpjGPY33zyG	project-G428g40Jf312vx5727kY9KXZ:file-G82p6y0Jg6Qj43V73BqV16QJ
C495.TCGA-CQ-A4CH-10A-01D-A25Y-08.2_gdc_realn	C495.TCGA-CQ-A4CH-10A-01D-A25Y-08.2_gdc_realn.bam	C495.TCGA-CQ-A4CH-10A-01D-A25Y-08.2_gdc_realn.bai	project-G428g40Jf312vx5727kY9KXZ:file-G82p6G8J3jqgV1q11kxQp1Zj	project-G428g40Jf312vx5727kY9KXZ:file-G82p6XQJ3jqv6vyZ9K57K9y4
C495.TCGA-CR-5248-10A-01D-2013-08.1_gdc_realn	C495.TCGA-CR-5248-10A-01D-2013-08.1_gdc_realn.bam	C495.TCGA-CR-5248-10A-01D-2013-08.1_gdc_realn.bai	project-G428g40Jf312vx5727kY9KXZ:file-G82p668JGf803Jjf3Bp0yq7B	project-G428g40Jf312vx5727kY9KXZ:file-G82p6FjJGf8757QY480K2z01
C495.TCGA-CQ-7071-10A-01D-A30H-08.2_gdc_realn	C495.TCGA-CQ-7071-10A-01D-A30H-08.2_gdc_realn.bam	C495.TCGA-CQ-7071-10A-01D-A30H-08.2_gdc_realn.bai	project-G428g40Jf312vx5727kY9KXZ:file-G82p64jJxgZ84Vv4FbqXkFk2	project-G428g40Jf312vx5727kY9KXZ:file-G82p6BjJxgZ8YX57B5YVXQ41
C495.TCGA-CN-A6UY-10B-01D-A34M-08.2_gdc_realn	C495.TCGA-CN-A6UY-10B-01D-A34M-08.2_gdc_realn.bam	C495.TCGA-CN-A6UY-10B-01D-A34M-08.2_gdc_realn.bai	project-G428g40Jf312vx5727kY9KXZ:file-G82p620Jj2zQ54493Bf9P9VB	project-G428g40Jf312vx5727kY9KXZ:file-G82p6B0Jj2zb7886B5Y7Kv18
C495.TCGA-CR-5247-10A-01D-2013-08.1_gdc_realn	C495.TCGA-CR-5247-10A-01D-2013-08.1_gdc_realn.bam	C495.TCGA-CR-5247-10A-01D-2013-08.1_gdc_realn.bai	project-G428g40Jf312vx5727kY9KXZ:file-G82p618J8B0b7886B5Y7Kv0f	project-G428g40Jf312vx5727kY9KXZ:file-G82p678J8B0vfb991pppPGpx
C495.TCGA-CQ-7068-10A-01D-2078-08.2_gdc_realn	C495.TCGA-CQ-7068-10A-01D-2078-08.2_gdc_realn.bam	C495.TCGA-CQ-7068-10A-01D-2078-08.2_gdc_realn.bai	project-G428g40Jf312vx5727kY9KXZ:file-G82p5kQJGz3jYX57B5YVXQ33	project-G428g40Jf312vx5727kY9KXZ:file-G82p5z8JGz3f7vQPGQYVk8v6
C495.TCGA-CN-A6V1-10B-01D-A34M-08.2_gdc_realn	C495.TCGA-CN-A6V1-10B-01D-A34M-08.2_gdc_realn.bam	C495.TCGA-CN-A6V1-10B-01D-A34M-08.2_gdc_realn.bai	project-G428g40Jf312vx5727kY9KXZ:file-G82p5bjJfBy2xbGJB503vB5f	project-G428g40Jf312vx5727kY9KXZ:file-G82p5xQJfByBKKkY97qYQ4gp
C495.TCGA-CQ-6228-10A-01D-1912-08.4_gdc_realn	C495.TCGA-CQ-6228-10A-01D-1912-08.4_gdc_realn.bam	C495.TCGA-CQ-6228-10A-01D-1912-08.4_gdc_realn.bai	project-G428g40Jf312vx5727kY9KXZ:file-G82p5ZQJqjQ5FJ7gFv2GgPZ1	project-G428g40Jf312vx5727kY9KXZ:file-G82p5p8JqjQBkpfX5V60yF62
C495.TCGA-CQ-6227-10A-01D-1912-08.4_gdc_realn	C495.TCGA-CQ-6227-10A-01D-1912-08.4_gdc_realn.bam	C495.TCGA-CQ-6227-10A-01D-1912-08.4_gdc_realn.bai	project-G428g40Jf312vx5727kY9KXZ:file-G82p5YjJK1GZq0qvB6yBXVJg	project-G428g40Jf312vx5727kY9KXZ:file-G82p5k8JK1GjYX57B5YVXQ31
